shot_id,shot_made_flag
1,0.4023248
8,0.4101213
17,0.5701299
20,0.5701299
33,0.3928116
34,0.3951106
35,0.6229195
36,0.6229195
37,0.5701299
38,0.39221284
45,0.5101947
50,0.3928116
55,0.2333362
60,0.2333362
66,0.42418328
67,0.45137483
71,0.4187957
80,0.4127741
85,0.4127741
86,0.41398746
95,0.41398746
104,0.3928116
113,0.42553708
123,0.39221284
126,0.39221284
133,0.5701299
141,0.40019923
144,0.3827602
150,0.5701299
152,0.39221284
153,0.5701299
156,0.33024076
159,0.9274123
165,0.9274123
172,0.3951106
182,0.9274123
192,0.3928116
193,0.5701299
196,0.42859873
202,0.3928116
210,0.30982882
211,0.3951106
228,0.9274123
257,0.4023248
260,0.4023248
264,0.3928116
267,0.42352584
279,0.9274123
282,0.3928116
293,0.45137483
299,0.45137483
300,0.42859873
301,0.4170559
317,0.3641915
327,0.3641915
328,0.41398746
335,0.5701299
346,0.40019923
348,0.4127741
365,0.4023248
390,0.5701299
391,0.5701299
392,0.4127741
397,0.29761067
418,0.3827602
428,0.42352584
434,0.47056216
439,0.5701299
440,0.3641915
456,0.42859873
459,0.41759807
472,0.3951106
480,0.4170559
491,0.29761067
497,0.42859873
509,0.35404223
511,0.30982882
523,0.4170559
533,0.4187957
544,0.5701299
546,0.37152562
555,0.5701299
558,0.35404223
560,0.39221284
573,0.42859873
591,0.37152562
596,0.42418328
597,0.37152562
601,0.47056216
605,0.4187957
617,0.45137483
628,0.39221284
634,0.3928116
646,0.41759807
649,0.3928116
651,0.5701299
654,0.9274123
656,0.5701299
657,0.41398746
669,0.4187957
670,0.9274123
693,0.4127741
694,0.45137483
699,0.3928116
711,0.4187957
718,0.42859873
722,0.42859873
723,0.30982882
725,0.47056216
734,0.39221284
735,0.5701299
737,0.40019923
746,0.42859873
747,0.4023248
766,0.29761067
767,0.3928116
771,0.41398746
773,0.4127741
774,0.3928116
783,0.4127741
784,0.3641915
789,0.39221284
792,0.35404223
804,0.3827602
809,0.3928116
812,0.4023248
813,0.3641915
817,0.4127741
820,0.39221284
825,0.42553708
826,0.3951106
829,0.3641915
855,0.3641915
859,0.5701299
862,0.35404223
870,0.35404223
876,0.39221284
880,0.3951106
886,0.9274123
889,0.4187957
891,0.5701299
897,0.9274123
902,0.35404223
903,0.41759807
908,0.35404223
909,0.4023248
920,0.35404223
922,0.4023248
924,0.39221284
932,0.3641915
934,0.30982882
937,0.35404223
941,0.41398746
943,0.42859873
950,0.4023248
952,0.3928116
954,0.9274123
963,0.4187957
975,0.39221284
979,0.4187957
981,0.42352584
983,0.3827602
985,0.5701299
989,0.5701299
995,0.4187957
998,0.5701299
1008,0.40019923
1019,0.5701299
1023,0.37152562
1026,0.4023248
1029,0.42352584
1034,0.39221284
1036,0.40019923
1038,0.4023248
1039,0.3928116
1051,0.33024076
1052,0.45137483
1066,0.42352584
1087,0.41759807
1092,0.39221284
1094,0.3928116
1098,0.4187957
1099,0.35404223
1102,0.30982882
1118,0.4187957
1131,0.4127741
1133,0.5701299
1135,0.9274123
1138,0.5701299
1139,0.9274123
1142,0.35404223
1151,0.4702599
1152,0.4187957
1155,0.4702599
1165,0.3951106
1167,0.95277655
1172,0.5101947
1174,0.39342442
1180,0.5701299
1200,0.3951106
1202,0.4023248
1227,0.45856658
1228,0.6229195
1229,0.39221284
1237,0.5701299
1241,0.42352584
1256,0.45137483
1279,0.4187957
1293,0.5701299
1295,0.39221284
1319,0.5701299
1320,0.4023248
1321,0.4127741
1322,0.4127741
1334,0.30982882
1351,0.5701299
1373,0.42859873
1375,0.39221284
1380,0.6229195
1382,0.42418328
1385,0.33024076
1399,0.41398746
1403,0.9274123
1428,0.4170559
1434,0.35404223
1444,0.9274123
1448,0.37152562
1466,0.4187957
1476,0.4187957
1478,0.4187957
1485,0.4187957
1491,0.5701299
1494,0.45137483
1500,0.5701299
1501,0.42352584
1503,0.39221284
1519,0.5701299
1524,0.45137483
1529,0.4127741
1533,0.5701299
1538,0.9274123
1539,0.4023248
1546,0.5701299
1555,0.4023248
1559,0.39221284
1563,0.41759807
1565,0.5701299
1574,0.37152562
1591,0.4023248
1594,0.47056216
1605,0.3928116
1611,0.4023248
1614,0.3928116
1620,0.4023248
1626,0.41398746
1630,0.3951106
1632,0.35404223
1634,0.42418328
1643,0.39221284
1651,0.3951106
1655,0.39221284
1658,0.45137483
1659,0.42352584
1665,0.4187957
1675,0.41398746
1680,0.9274123
1690,0.39221284
1696,0.40019923
1714,0.4127741
1721,0.42553708
1726,0.3928116
1728,0.4187957
1734,0.39221284
1735,0.42859873
1740,0.45856658
1744,0.42859873
1747,0.3928116
1752,0.41398746
1763,0.5701299
1765,0.5701299
1769,0.3951106
1785,0.41398746
1787,0.42859873
1788,0.5701299
1793,0.4023248
1800,0.42553708
1825,0.3951106
1826,0.5701299
1834,0.3641915
1843,0.3641915
1844,0.3641915
1848,0.39221284
1849,0.5701299
1860,0.5701299
1863,0.5701299
1875,0.4170559
1883,0.4187957
1890,0.3827602
1892,0.37152562
1893,0.3928116
1897,0.45137483
1905,0.42553708
1908,0.4127741
1931,0.41759807
1940,0.9274123
1943,0.4187957
1947,0.2333362
1965,0.42352584
1967,0.3951106
1968,0.3951106
1972,0.5701299
1982,0.42859873
1985,0.41398746
2005,0.42859873
2010,0.45137483
2021,0.39221284
2024,0.45856658
2036,0.4023248
2043,0.45137483
2047,0.39221284
2049,0.42553708
2055,0.42352584
2065,0.37152562
2066,0.42352584
2070,0.40019923
2077,0.9274123
2085,0.42427158
2095,0.39221284
2097,0.5701299
2108,0.5701299
2112,0.55417097
2113,0.4702599
2122,0.42859873
2139,0.4187957
2144,0.3928116
2146,0.41759807
2148,0.3641915
2149,0.5701299
2157,0.35404223
2159,0.4023248
2168,0.3928116
2176,0.5701299
2178,0.5701299
2181,0.4170559
2187,0.4170559
2188,0.41398746
2190,0.42352584
2194,0.5701299
2197,0.4127741
2214,0.29761067
2217,0.30982882
2222,0.3951106
2223,0.42859873
2226,0.3928116
2230,0.5701299
2240,0.33024076
2247,0.3641915
2250,0.41759807
2259,0.41398746
2262,0.42859873
2266,0.3641915
2305,0.39221284
2310,0.4023248
2313,0.5701299
2319,0.42859873
2320,0.45137483
2345,0.40019923
2350,0.5701299
2356,0.3951106
2360,0.3928116
2370,0.3641915
2386,0.4187957
2398,0.30982882
2414,0.5701299
2435,0.5701299
2439,0.33024076
2446,0.5701299
2458,0.42859873
2465,0.3928116
2466,0.4187957
2470,0.4023248
2495,0.5701299
2501,0.3928116
2507,0.47056216
2533,0.30895054
2537,0.42553708
2538,0.3928116
2541,0.45856658
2542,0.5701299
2544,0.45133364
2554,0.42418328
2555,0.45856658
2565,0.33024076
2575,0.6229195
2586,0.5701299
2588,0.4187957
2594,0.5701299
2617,0.5701299
2618,0.42418328
2623,0.9274123
2631,0.5701299
2640,0.41759807
2642,0.5701299
2647,0.4187957
2663,0.42553708
2664,0.42352584
2676,0.37152562
2680,0.9274123
2681,0.3951106
2691,0.39221284
2693,0.4187957
2695,0.5701299
2704,0.39221284
2708,0.30982882
2709,0.9274123
2717,0.5701299
2722,0.4187957
2728,0.3951106
2732,0.5701299
2743,0.4702599
2752,0.47056216
2757,0.5701299
2761,0.5701299
2769,0.42418328
2771,0.5701299
2774,0.3928116
2776,0.39221284
2781,0.42352584
2793,0.42352584
2799,0.37152562
2803,0.47056216
2811,0.45137483
2818,0.39221284
2824,0.5701299
2828,0.5701299
2829,0.3928116
2830,0.4187957
2842,0.5701299
2847,0.5701299
2848,0.39221284
2868,0.3928116
2870,0.42352584
2885,0.42352584
2886,0.4023248
2889,0.40019923
2903,0.4187957
2904,0.5701299
2918,0.39221284
2919,0.39221284
2922,0.4023248
2923,0.45856658
2931,0.42352584
2945,0.3928116
2955,0.3928116
2957,0.5701299
2960,0.5701299
2963,0.42418328
2966,0.9274123
2972,0.4127741
2974,0.4170559
2982,0.4170559
2984,0.41759807
3016,0.5701299
3021,0.39221284
3023,0.9274123
3025,0.4023248
3029,0.41759807
3034,0.5701299
3038,0.3928116
3040,0.4023248
3051,0.4170559
3062,0.39221284
3069,0.4187957
3071,0.42418328
3076,0.9274123
3079,0.4170559
3081,0.47056216
3082,0.4187957
3084,0.4023248
3098,0.30982882
3104,0.35404223
3105,0.4187957
3114,0.5701299
3118,0.4023248
3122,0.42418328
3132,0.4127741
3138,0.42352584
3141,0.5701299
3156,0.5701299
3162,0.5701299
3167,0.35404223
3170,0.3951106
3171,0.3928116
3172,0.3951106
3176,0.9274123
3180,0.4023248
3189,0.4127741
3198,0.42859873
3206,0.42859873
3215,0.5101947
3222,0.5701299
3228,0.3928116
3229,0.3928116
3232,0.4023248
3233,0.42427158
3238,0.4023248
3256,0.6229195
3264,0.39221284
3273,0.4023248
3275,0.42859873
3285,0.6229195
3289,0.41398746
3294,0.3641915
3306,0.3641915
3311,0.5701299
3318,0.39221284
3322,0.39221284
3324,0.39221284
3334,0.42859873
3341,0.3951106
3345,0.4127741
3346,0.9274123
3352,0.47056216
3368,0.3928116
3371,0.30982882
3372,0.3951106
3375,0.3951106
3384,0.3928116
3387,0.41398746
3393,0.3928116
3406,0.3951106
3411,0.47056216
3412,0.4702599
3414,0.42352584
3417,0.6229195
3420,0.5701299
3423,0.5701299
3436,0.40019923
3438,0.5701299
3442,0.41398746
3443,0.3928116
3451,0.41759807
3461,0.3928116
3489,0.39221284
3491,0.42352584
3510,0.41759807
3515,0.45137483
3527,0.42859873
3530,0.5701299
3540,0.35404223
3582,0.3928116
3604,0.5701299
3605,0.42352584
3609,0.41759807
3624,0.42553708
3628,0.5701299
3630,0.42352584
3641,0.45137483
3642,0.47056216
3648,0.30982882
3650,0.9274123
3652,0.9274123
3660,0.3951106
3664,0.41759807
3670,0.42418328
3672,0.39221284
3680,0.5701299
3682,0.9274123
3685,0.42418328
3686,0.45137483
3689,0.39221284
3705,0.4023248
3712,0.39221284
3713,0.4187957
3719,0.41398746
3721,0.3928116
3723,0.4170559
3724,0.45137483
3727,0.42859873
3733,0.3928116
3734,0.42553708
3742,0.3951106
3770,0.4023248
3777,0.35404223
3778,0.35404223
3780,0.4023248
3783,0.4170559
3784,0.3928116
3788,0.3928116
3790,0.3928116
3794,0.3827602
3795,0.4023248
3796,0.42553708
3801,0.39221284
3806,0.3928116
3813,0.4023248
3814,0.3928116
3818,0.33024076
3824,0.4187957
3836,0.41398746
3853,0.42352584
3855,0.42352584
3858,0.5701299
3861,0.5701299
3866,0.45137483
3870,0.3951106
3874,0.9274123
3876,0.41398746
3878,0.41759807
3890,0.35404223
3900,0.9274123
3904,0.35404223
3906,0.35404223
3907,0.35404223
3908,0.35404223
3912,0.5701299
3918,0.9274123
3923,0.9274123
3924,0.3641915
3925,0.5701299
3927,0.4127741
3955,0.9274123
3964,0.5701299
3969,0.5701299
3974,0.5701299
3976,0.5701299
3984,0.45137483
3991,0.35404223
3993,0.9274123
4009,0.45137483
4011,0.4023248
4020,0.41398746
4033,0.30982882
4041,0.4187957
4045,0.9274123
4052,0.5701299
4055,0.4023248
4056,0.4023248
4057,0.3928116
4067,0.9274123
4069,0.4023248
4077,0.41759807
4094,0.3641915
4095,0.35404223
4100,0.45137483
4119,0.3928116
4130,0.4702599
4131,0.42553708
4132,0.4170559
4134,0.5101947
4137,0.95277655
4138,0.39221284
4143,0.45137483
4145,0.6229195
4148,0.41398746
4163,0.35404223
4166,0.42553708
4169,0.5701299
4170,0.3641915
4174,0.5701299
4180,0.39221284
4199,0.9274123
4201,0.3928116
4203,0.35404223
4210,0.033902623
4211,0.42859873
4213,0.9274123
4225,0.35404223
4235,0.41398746
4242,0.4023248
4245,0.4023248
4250,0.4187957
4252,0.4187957
4254,0.5701299
4263,0.5701299
4264,0.5701299
4268,0.35404223
4270,0.4023248
4282,0.5701299
4283,0.41398746
4291,0.42553708
4304,0.4187957
4306,0.42859873
4309,0.3928116
4310,0.39221284
4313,0.42418328
4314,0.39221284
4315,0.39221284
4321,0.35404223
4324,0.35404223
4325,0.37152562
4328,0.3951106
4329,0.29761067
4332,0.3951106
4337,0.4023248
4342,0.4187957
4344,0.3827602
4352,0.37152562
4355,0.3641915
4366,0.4023248
4371,0.45137483
4372,0.4023248
4376,0.39221284
4384,0.39221284
4387,0.39221284
4389,0.35404223
4390,0.42859873
4406,0.29761067
4407,0.5701299
4409,0.9274123
4410,0.5701299
4424,0.39221284
4434,0.3928116
4452,0.33024076
4460,0.35404223
4470,0.5701299
4480,0.4023248
4496,0.9274123
4503,0.4127741
4512,0.4187957
4518,0.5701299
4519,0.3641915
4522,0.42859873
4525,0.4023248
4537,0.45137483
4546,0.4127741
4547,0.9274123
4553,0.42553708
4556,0.3641915
4558,0.45856658
4563,0.3641915
4568,0.42859873
4574,0.5701299
4578,0.4170559
4587,0.3951106
4592,0.42859873
4610,0.3951106
4615,0.33024076
4619,0.3641915
4620,0.41398746
4625,0.45856658
4635,0.3928116
4636,0.3951106
4641,0.3951106
4650,0.42553708
4653,0.9274123
4665,0.42859873
4668,0.9274123
4669,0.29761067
4670,0.42418328
4674,0.42352584
4675,0.4023248
4676,0.5701299
4679,0.47056216
4680,0.9274123
4686,0.45856658
4699,0.3951106
4713,0.5701299
4718,0.42553708
4721,0.4023248
4722,0.4023248
4724,0.3928116
4730,0.95277655
4731,0.42352584
4735,0.35404223
4743,0.35404223
4745,0.4170559
4746,0.41759807
4747,0.37152562
4748,0.42352584
4769,0.42553708
4771,0.35404223
4774,0.41759807
4784,0.4187957
4797,0.4187957
4801,0.39221284
4804,0.30982882
4820,0.47056216
4833,0.35404223
4834,0.30982882
4851,0.42352584
4859,0.35404223
4860,0.9274123
4863,0.35404223
4873,0.3641915
4881,0.4127741
4892,0.35404223
4908,0.5701299
4911,0.42859873
4915,0.45137483
4922,0.4023248
4929,0.5701299
4936,0.29761067
4939,0.4187957
4951,0.42859873
4956,0.3928116
4961,0.3951106
4964,0.42859873
4981,0.37152562
4991,0.9274123
4992,0.42859873
4997,0.3928116
5004,0.41398746
5010,0.42352584
5012,0.42553708
5015,0.35404223
5020,0.3951106
5030,0.3928116
5051,0.9274123
5052,0.5701299
5057,0.4980896
5058,0.5701299
5060,0.42553708
5061,0.3641915
5064,0.5701299
5078,0.6229195
5080,0.5101947
5088,0.35404223
5089,0.5101947
5090,0.3951106
5103,0.9307113
5108,0.4023248
5114,0.3928116
5115,0.3951106
5124,0.42427158
5137,0.5701299
5139,0.39221284
5144,0.4023248
5149,0.5701299
5157,0.42352584
5163,0.3928116
5174,0.4023248
5176,0.5701299
5179,0.45856658
5186,0.5701299
5203,0.41759807
5204,0.5701299
5206,0.41398746
5207,0.4023248
5220,0.39221284
5221,0.5701299
5224,0.30982882
5227,0.42352584
5229,0.47056216
5232,0.9274123
5240,0.5701299
5242,0.4170559
5243,0.42859873
5245,0.45856658
5248,0.5701299
5249,0.47056216
5254,0.39221284
5269,0.4023248
5272,0.35404223
5276,0.3641915
5286,0.5701299
5290,0.42418328
5308,0.5701299
5316,0.3641915
5318,0.5701299
5319,0.30982882
5320,0.4702599
5322,0.29761067
5324,0.39221284
5331,0.42418328
5336,0.9274123
5344,0.5701299
5354,0.3951106
5356,0.01127593
5358,0.42418328
5361,0.3951106
5365,0.5701299
5370,0.4023248
5376,0.3641915
5383,0.35404223
5384,0.3951106
5385,0.4187957
5393,0.5701299
5397,0.30982882
5398,0.42553708
5402,0.3951106
5407,0.55417097
5409,0.35404223
5425,0.5701299
5428,0.5701299
5430,0.4023248
5442,0.4187957
5447,0.5701299
5470,0.37152562
5485,0.3641915
5493,0.4170559
5502,0.47056216
5504,0.30982882
5517,0.4127741
5522,0.4187957
5527,0.5701299
5528,0.47056216
5536,0.3951106
5545,0.45856658
5576,0.42859873
5577,0.42427158
5592,0.42427158
5594,0.42859873
5595,0.3641915
5596,0.3641915
5599,0.39221284
5606,0.5701299
5617,0.35404223
5625,0.3928116
5626,0.42418328
5627,0.5701299
5642,0.5701299
5659,0.9274123
5664,0.5701299
5666,0.3928116
5671,0.41398746
5674,0.3641915
5677,0.39221284
5681,0.29761067
5683,0.01127593
5700,0.5701299
5713,0.5701299
5715,0.5701299
5718,0.35404223
5726,0.42427158
5738,0.3641915
5741,0.41398746
5743,0.42859873
5753,0.5701299
5761,0.3928116
5789,0.55417097
5797,0.30982882
5803,0.42352584
5810,0.5701299
5813,0.42859873
5817,0.4023248
5818,0.4702599
5822,0.47056216
5829,0.45497763
5846,0.33024076
5847,0.45137483
5854,0.42859873
5858,0.5701299
5863,0.4187957
5869,0.47056216
5870,0.42352584
5876,0.47056216
5881,0.42418328
5901,0.42352584
5922,0.39221284
5928,0.5701299
5933,0.5701299
5934,0.5701299
5946,0.4187957
5951,0.4127741
5955,0.35404223
5956,0.9274123
5965,0.35404223
5972,0.39221284
5981,0.41759807
5997,0.5701299
6005,0.45856658
6009,0.40019923
6010,0.4023248
6015,0.30982882
6039,0.42418328
6047,0.5701299
6051,0.01127593
6056,0.3951106
6061,0.37152562
6064,0.41398746
6065,0.42553708
6070,0.3928116
6085,0.5701299
6086,0.41398746
6091,0.5701299
6097,0.42427158
6099,0.5701299
6104,0.5701299
6108,0.5701299
6109,0.5701299
6124,0.4702599
6142,0.5701299
6144,0.3827602
6150,0.37152562
6154,0.5701299
6155,0.4170559
6156,0.9274123
6158,0.35404223
6159,0.9274123
6169,0.5701299
6170,0.01127593
6179,0.3951106
6184,0.3928116
6186,0.9274123
6204,0.2333362
6230,0.5701299
6231,0.4023248
6232,0.9274123
6235,0.3641915
6237,0.5701299
6239,0.3641915
6263,0.5701299
6265,0.37152562
6270,0.45133364
6271,0.45137483
6278,0.5701299
6279,0.5701299
6288,0.3827602
6294,0.4187957
6295,0.45137483
6302,0.42352584
6306,0.35404223
6322,0.9274123
6324,0.37152562
6327,0.4170559
6331,0.5701299
6334,0.41398746
6338,0.41759807
6339,0.4127741
6362,0.37152562
6372,0.5701299
6375,0.40019923
6393,0.4170559
6394,0.5701299
6405,0.9274123
6406,0.41398746
6416,0.4187957
6421,0.5701299
6422,0.42352584
6440,0.9274123
6457,0.5701299
6460,0.41759807
6463,0.5701299
6474,0.5701299
6476,0.3951106
6477,0.3641915
6482,0.5701299
6488,0.3928116
6489,0.42859873
6494,0.30982882
6499,0.45137483
6507,0.29761067
6524,0.35404223
6527,0.30982882
6531,0.35404223
6536,0.5701299
6538,0.2333362
6542,0.41398746
6565,0.39221284
6584,0.35404223
6588,0.4023248
6597,0.4023248
6603,0.5701299
6609,0.5701299
6613,0.5701299
6622,0.39221284
6630,0.3641915
6637,0.4127741
6639,0.5701299
6640,0.2333362
6646,0.35404223
6647,0.5701299
6648,0.9274123
6669,0.3928116
6680,0.29761067
6681,0.30982882
6684,0.04848533
6693,0.35404223
6694,0.35404223
6704,0.45856658
6706,0.5701299
6710,0.3641915
6713,0.42352584
6718,0.4127741
6732,0.35404223
6737,0.41398746
6739,0.30982882
6742,0.4023248
6746,0.3951106
6753,0.4023248
6771,0.47056216
6784,0.42418328
6790,0.9274123
6795,0.5701299
6807,0.42352584
6808,0.41398746
6818,0.45137483
6823,0.3641915
6830,0.5701299
6831,0.5701299
6832,0.3951106
6836,0.42553708
6846,0.37152562
6850,0.35404223
6854,0.35404223
6868,0.5701299
6876,0.41398746
6877,0.47056216
6881,0.35404223
6882,0.3641915
6884,0.3951106
6886,0.3928116
6901,0.3641915
6910,0.35404223
6913,0.4023248
6914,0.5701299
6918,0.6229195
6930,0.45133364
6941,0.42352584
6944,0.4023248
6945,0.45856658
6947,0.5701299
6949,0.5701299
6952,0.33024076
6963,0.3928116
6964,0.5701299
6972,0.5701299
6979,0.45133364
6981,0.3641915
6988,0.5701299
6990,0.3928116
6998,0.3928116
7004,0.3641915
7016,0.42352584
7027,0.35404223
7042,0.42859873
7056,0.42352584
7061,0.45856658
7069,0.45137483
7071,0.42859873
7088,0.39221284
7099,0.42553708
7108,0.42553708
7121,0.5701299
7125,0.5701299
7136,0.45856658
7149,0.4127741
7150,0.3928116
7151,0.42859873
7167,0.4187957
7177,0.5701299
7178,0.3951106
7183,0.42427158
7186,0.35404223
7190,0.41398746
7201,0.42553708
7202,0.35404223
7207,0.35404223
7213,0.35404223
7224,0.3951106
7225,0.42418328
7233,0.3951106
7239,0.41398746
7246,0.40019923
7248,0.3951106
7261,0.5701299
7264,0.30982882
7266,0.29761067
7274,0.3641915
7279,0.42427158
7293,0.3641915
7315,0.2333362
7322,0.4023248
7326,0.5701299
7341,0.35404223
7363,0.5701299
7365,0.3928116
7371,0.39221284
7377,0.3641915
7393,0.5701299
7405,0.47056216
7410,0.5701299
7434,0.40019923
7438,0.3641915
7447,0.42418328
7450,0.55417097
7452,0.3827602
7453,0.1971552
7455,0.30982882
7456,0.30982882
7457,0.9274123
7466,0.5701299
7470,0.5701299
7474,0.4023248
7487,0.3951106
7488,0.5101947
7492,0.5101947
7496,0.3641915
7501,0.55417097
7505,0.6468045
7512,0.30982882
7526,0.4127741
7536,0.45137483
7538,0.5701299
7539,0.37152562
7544,0.5701299
7554,0.4023248
7564,0.41759807
7566,0.42352584
7580,0.39221284
7581,0.4170559
7584,0.4187957
7587,0.3641915
7589,0.37152562
7590,0.4023248
7594,0.39221284
7597,0.3928116
7602,0.9274123
7603,0.4187957
7605,0.39221284
7609,0.3928116
7613,0.42859873
7619,0.40019923
7625,0.41759807
7626,0.5701299
7636,0.5701299
7639,0.5701299
7641,0.3951106
7643,0.9274123
7644,0.39221284
7657,0.37152562
7661,0.42418328
7666,0.3928116
7673,0.4170559
7683,0.5701299
7685,0.3928116
7699,0.45856658
7704,0.42418328
7705,0.39221284
7708,0.4170559
7728,0.40019923
7733,0.3951106
7741,0.4702599
7743,0.4187957
7745,0.30982882
7754,0.39221284
7756,0.42352584
7757,0.39221284
7770,0.3928116
7773,0.9274123
7774,0.3951106
7776,0.5701299
7777,0.35404223
7778,0.35404223
7781,0.5701299
7784,0.4187957
7789,0.5701299
7794,0.4187957
7799,0.42859873
7801,0.45137483
7818,0.45137483
7823,0.4023248
7828,0.3951106
7832,0.3951106
7839,0.4187957
7851,0.3928116
7856,0.3951106
7868,0.5701299
7869,0.30982882
7872,0.30982882
7874,0.30982882
7878,0.3641915
7888,0.42352584
7913,0.35404223
7923,0.42553708
7925,0.5701299
7926,0.4187957
7938,0.3641915
7942,0.5701299
7945,0.3951106
7954,0.41759807
7963,0.42859873
7969,0.37152562
7970,0.5701299
7977,0.5701299
7981,0.3928116
7990,0.47056216
8020,0.45856658
8023,0.3641915
8025,0.40019923
8034,0.5701299
8039,0.4187957
8046,0.39221284
8051,0.42859873
8055,0.3641915
8060,0.3641915
8063,0.30982882
8073,0.9274123
8074,0.3641915
8076,0.4127741
8080,0.4187957
8088,0.39221284
8102,0.2333362
8103,0.5701299
8104,0.5701299
8105,0.4023248
8109,0.42427158
8115,0.5701299
8121,0.4127741
8126,0.45856658
8135,0.45856658
8153,0.4127741
8156,0.3928116
8160,0.4702599
8161,0.41398746
8162,0.45137483
8171,0.35404223
8181,0.30982882
8183,0.30982882
8185,0.45137483
8191,0.9274123
8203,0.29761067
8204,0.5701299
8207,0.4170559
8208,0.42859873
8209,0.42859873
8210,0.41398746
8225,0.3928116
8226,0.35404223
8231,0.3928116
8233,0.3641915
8244,0.5101947
8250,0.30982882
8261,0.5701299
8265,0.39221284
8278,0.35404223
8279,0.30982882
8280,0.4170559
8296,0.5701299
8299,0.3928116
8300,0.37152562
8301,0.42418328
8305,0.4023248
8327,0.30982882
8334,0.42553708
8349,0.30982882
8355,0.30982882
8361,0.45137483
8362,0.3951106
8364,0.3951106
8365,0.4187957
8375,0.30982882
8378,0.40019923
8380,0.42859873
8381,0.3951106
8387,0.4187957
8399,0.5701299
8402,0.9274123
8409,0.3641915
8433,0.5701299
8436,0.42553708
8442,0.4187957
8448,0.42553708
8464,0.30982882
8469,0.4187957
8474,0.4187957
8478,0.41398746
8482,0.3928116
8490,0.35404223
8510,0.3928116
8511,0.4023248
8527,0.37152562
8532,0.30982882
8533,0.3827602
8538,0.39221284
8541,0.30982882
8545,0.3928116
8553,0.4127741
8554,0.42553708
8555,0.4023248
8569,0.3641915
8586,0.41759807
8593,0.35404223
8600,0.9274123
8606,0.41398746
8607,0.30982882
8611,0.42352584
8613,0.42427158
8618,0.5701299
8630,0.42859873
8637,0.4023248
8650,0.3951106
8652,0.3827602
8661,0.5701299
8669,0.30982882
8673,0.3641915
8674,0.3641915
8678,0.5701299
8682,0.35404223
8688,0.39342442
8689,0.5101947
8695,0.3641915
8698,0.4023248
8703,0.39221284
8709,0.35404223
8716,0.42553708
8723,0.35404223
8737,0.42859873
8753,0.4187957
8773,0.5701299
8774,0.30982882
8778,0.5701299
8786,0.4023248
8794,0.5701299
8795,0.42859873
8800,0.29761067
8804,0.4187957
8808,0.3928116
8809,0.4170559
8817,0.5701299
8818,0.3928116
8825,0.4187957
8830,0.3928116
8833,0.35404223
8834,0.30982882
8836,0.42553708
8837,0.30982882
8844,0.29761067
8851,0.30982882
8861,0.9274123
8864,0.42553708
8865,0.35404223
8869,0.30982882
8873,0.5701299
8880,0.3951106
8884,0.41398746
8888,0.3928116
8889,0.42352584
8891,0.5701299
8893,0.3928116
8897,0.4187957
8905,0.4187957
8910,0.5701299
8918,0.5701299
8939,0.35404223
8940,0.42859873
8941,0.3827602
8944,0.30982882
8949,0.41398746
8950,0.35404223
8958,0.42352584
8967,0.5701299
8975,0.42553708
8979,0.39221284
8980,0.35404223
8991,0.2333362
8995,0.1971552
8996,0.3641915
8998,0.5701299
9000,0.4023248
9001,0.4702599
9002,0.42553708
9024,0.4187957
9026,0.3827602
9027,0.42352584
9034,0.4187957
9038,0.30982882
9050,0.3928116
9052,0.45137483
9054,0.3951106
9078,0.5701299
9097,0.4170559
9109,0.3641915
9112,0.42859873
9115,0.35404223
9125,0.5701299
9132,0.41398746
9136,0.42418328
9139,0.37152562
9140,0.3827602
9142,0.4187957
9143,0.45856658
9147,0.40019923
9159,0.39221284
9165,0.6229195
9172,0.3951106
9177,0.35404223
9179,0.29761067
9185,0.37152562
9196,0.9274123
9201,0.4187957
9209,0.35404223
9210,0.45856658
9212,0.47056216
9214,0.42553708
9240,0.9274123
9241,0.45137483
9244,0.3928116
9249,0.29761067
9250,0.37152562
9255,0.4023248
9258,0.39221284
9263,0.30982882
9266,0.35404223
9269,0.42859873
9272,0.3951106
9276,0.5701299
9290,0.3951106
9299,0.3641915
9303,0.3928116
9310,0.30895054
9311,0.4023248
9314,0.39221284
9315,0.5701299
9325,0.5101947
9328,0.3928116
9329,0.5101947
9332,0.9274123
9337,0.5701299
9353,0.45137483
9355,0.3928116
9356,0.5701299
9362,0.4127741
9364,0.5701299
9366,0.5701299
9387,0.9274123
9388,0.9274123
9396,0.5701299
9400,0.29761067
9406,0.4023248
9411,0.3928116
9416,0.39221284
9417,0.5701299
9423,0.5701299
9425,0.33024076
9426,0.42553708
9427,0.41398746
9429,0.5701299
9430,0.4127741
9434,0.47056216
9442,0.4023248
9458,0.41398746
9476,0.3951106
9481,0.4023248
9483,0.3951106
9484,0.3951106
9487,0.5701299
9488,0.4023248
9490,0.29761067
9502,0.9274123
9505,0.35404223
9509,0.5701299
9515,0.4187957
9516,0.42553708
9532,0.41398746
9539,0.4170559
9542,0.5701299
9549,0.35404223
9550,0.42352584
9553,0.42418328
9554,0.45856658
9561,0.4170559
9566,0.3928116
9571,0.37152562
9577,0.4023248
9584,0.42553708
9592,0.3951106
9596,0.5701299
9602,0.35404223
9603,0.30982882
9604,0.5701299
9608,0.5701299
9609,0.3951106
9613,0.42553708
9623,0.30982882
9630,0.9274123
9633,0.4023248
9648,0.35404223
9665,0.5701299
9668,0.35404223
9678,0.3928116
9679,0.39221284
9693,0.5701299
9718,0.5701299
9720,0.5701299
9744,0.42859873
9745,0.3641915
9746,0.5701299
9753,0.3641915
9758,0.5701299
9759,0.39221284
9763,0.3951106
9766,0.35404223
9767,0.3641915
9777,0.4170559
9781,0.3951106
9789,0.3641915
9790,0.42859873
9799,0.45856658
9802,0.30982882
9805,0.5701299
9807,0.40019923
9812,0.41398746
9818,0.3928116
9820,0.5701299
9822,0.4187957
9824,0.5701299
9834,0.5701299
9836,0.39221284
9847,0.39221284
9864,0.9274123
9869,0.30982882
9875,0.37152562
9880,0.4023248
9889,0.5701299
9894,0.35404223
9909,0.9274123
9915,0.42553708
9919,0.41759807
9920,0.5701299
9940,0.41398746
9946,0.42418328
9958,0.5701299
9959,0.35404223
9973,0.45137483
9976,0.42553708
9978,0.35404223
9982,0.35404223
9987,0.3827602
9988,0.39342442
9992,0.39221284
10000,0.01127593
10002,0.42427158
10005,0.35404223
10008,0.45137483
10009,0.39221284
10011,0.4170559
10021,0.45137483
10022,0.5701299
10053,0.3827602
10074,0.35404223
10076,0.4187957
10090,0.5701299
10092,0.4187957
10099,0.4187957
10102,0.35404223
10103,0.35404223
10106,0.35404223
10108,0.9274123
10113,0.5701299
10119,0.3641915
10122,0.42859873
10125,0.42859873
10140,0.39342442
10155,0.3951106
10159,0.4023248
10164,0.45137483
10175,0.42553708
10176,0.45137483
10178,0.3951106
10186,0.5701299
10200,0.3928116
10204,0.5701299
10206,0.5701299
10211,0.3641915
10212,0.3641915
10217,0.4023248
10220,0.5701299
10230,0.5701299
10234,0.45137483
10235,0.42553708
10239,0.3641915
10240,0.39221284
10242,0.4023248
10245,0.3641915
10246,0.5701299
10247,0.35404223
10250,0.35404223
10254,0.5701299
10257,0.3951106
10260,0.42859873
10261,0.5701299
10265,0.3641915
10273,0.42352584
10274,0.30982882
10277,0.42418328
10289,0.9274123
10290,0.30982882
10298,0.3928116
10301,0.3827602
10304,0.5701299
10305,0.4187957
10313,0.3928116
10320,0.35404223
10323,0.3951106
10328,0.42859873
10332,0.9274123
10336,0.9274123
10343,0.35404223
10348,0.5701299
10350,0.41398746
10351,0.4023248
10354,0.3641915
10372,0.45137483
10373,0.45856658
10380,0.3641915
10383,0.4127741
10396,0.5701299
10397,0.6229195
10399,0.5701299
10400,0.6229195
10401,0.39221284
10402,0.42352584
10403,0.5701299
10410,0.9274123
10412,0.42859873
10415,0.39221284
10424,0.3951106
10428,0.41398746
10432,0.35404223
10462,0.5701299
10477,0.35404223
10482,0.35404223
10484,0.35404223
10493,0.4023248
10495,0.42352584
10497,0.4023248
10516,0.3951106
10521,0.4023248
10522,0.42553708
10523,0.42427158
10528,0.35404223
10530,0.4187957
10532,0.39221284
10533,0.3641915
10543,0.9274123
10547,0.39221284
10552,0.35404223
10558,0.42352584
10571,0.4187957
10572,0.29761067
10574,0.29761067
10583,0.6229195
10600,0.45856658
10607,0.41398746
10608,0.3951106
10614,0.30982882
10630,0.3641915
10634,0.3928116
10635,0.3641915
10641,0.5701299
10643,0.41398746
10644,0.5701299
10648,0.41398746
10669,0.3641915
10675,0.4187957
10686,0.5701299
10704,0.30982882
10707,0.35404223
10722,0.3641915
10736,0.5701299
10764,0.4170559
10767,0.5701299
10776,0.3928116
10779,0.5101947
10781,0.35404223
10792,0.5701299
10797,0.42553708
10798,0.3641915
10801,0.4023248
10802,0.39221284
10805,0.3641915
10808,0.4023248
10810,0.9274123
10816,0.4187957
10817,0.35404223
10829,0.5701299
10843,0.42427158
10858,0.5701299
10866,0.35404223
10876,0.4187957
10887,0.37152562
10891,0.29761067
10896,0.35404223
10900,0.4170559
10905,0.4170559
10907,0.39221284
10917,0.2333362
10936,0.5701299
10947,0.35404223
10948,0.5701299
10951,0.39221284
10955,0.35404223
10969,0.37152562
10984,0.42553708
10987,0.3928116
10990,0.30982882
10992,0.5701299
10996,0.3951106
10997,0.3951106
10999,0.39221284
11000,0.5701299
11001,0.3641915
11010,0.5701299
11016,0.5701299
11018,0.5701299
11034,0.9274123
11039,0.3951106
11041,0.3928116
11047,0.37152562
11053,0.3928116
11055,0.1971552
11056,0.42553708
11065,0.47056216
11068,0.47056216
11070,0.3928116
11071,0.4023248
11072,0.39221284
11079,0.5701299
11091,0.3641915
11094,0.4170559
11112,0.5701299
11113,0.5701299
11128,0.41759807
11153,0.41398746
11154,0.06534554
11163,0.4187957
11179,0.47056216
11181,0.4127741
11206,0.4127741
11216,0.42352584
11221,0.39221284
11223,0.4702599
11228,0.41759807
11235,0.3951106
11237,0.5701299
11244,0.30982882
11256,0.41398746
11267,0.3928116
11272,0.5701299
11281,0.42352584
11285,0.40019923
11288,0.5701299
11291,0.3928116
11293,0.3951106
11297,0.39221284
11298,0.41759807
11299,0.30982882
11301,0.3951106
11309,0.45856658
11331,0.3951106
11332,0.45856658
11337,0.3641915
11343,0.9274123
11347,0.3641915
11348,0.47056216
11355,0.9274123
11368,0.45137483
11369,0.3928116
11371,0.5701299
11378,0.39221284
11384,0.3928116
11387,0.4187957
11393,0.30982882
11399,0.45137483
11412,0.42418328
11431,0.35404223
11432,0.30982882
11444,0.9274123
11450,0.9274123
11451,0.42352584
11476,0.39221284
11488,0.3951106
11495,0.5701299
11505,0.41759807
11508,0.9274123
11518,0.5701299
11522,0.30982882
11524,0.5701299
11533,0.5701299
11549,0.5701299
11551,0.9274123
11560,0.30982882
11563,0.30982882
11565,0.5701299
11567,0.4187957
11569,0.37152562
11598,0.45856658
11604,0.41398746
11611,0.42553708
11617,0.5701299
11626,0.5701299
11642,0.42553708
11643,0.39221284
11648,0.3928116
11651,0.3641915
11663,0.30982882
11666,0.4980896
11685,0.5101947
11686,0.42352584
11698,0.29761067
11708,0.3928116
11711,0.42553708
11718,0.3641915
11742,0.3641915
11761,0.42418328
11767,0.42553708
11768,0.3641915
11775,0.4023248
11779,0.5701299
11786,0.9274123
11790,0.5701299
11791,0.3951106
11796,0.01127593
11806,0.42859873
11810,0.3641915
11811,0.35404223
11814,0.9274123
11816,0.35404223
11820,0.4023248
11822,0.4170559
11829,0.3928116
11832,0.4187957
11834,0.5701299
11836,0.4187957
11837,0.41398746
11844,0.69537127
11847,0.42427158
11864,0.5701299
11865,0.4170559
11872,0.3928116
11873,0.5701299
11886,0.6229195
11894,0.42859873
11905,0.42553708
11906,0.29761067
11907,0.3928116
11912,0.30982882
11914,0.5101947
11918,0.3951106
11924,0.35404223
11929,0.9274123
11930,0.3827602
11936,0.4187957
11937,0.3951106
11954,0.5701299
11957,0.42418328
11964,0.39342442
11968,0.2333362
11972,0.5701299
11976,0.42553708
11979,0.3928116
11981,0.3641915
11983,0.4187957
11989,0.1971552
11991,0.35404223
11998,0.3641915
12003,0.3951106
12007,0.35404223
12011,0.41398746
12014,0.37152562
12024,0.2333362
12033,0.42553708
12034,0.42553708
12041,0.29761067
12046,0.5701299
12056,0.42859873
12064,0.4187957
12069,0.39221284
12070,0.30982882
12071,0.35404223
12072,0.41759807
12078,0.30982882
12091,0.45856658
12092,0.5701299
12094,0.45137483
12098,0.4023248
12103,0.30982882
12115,0.5701299
12118,0.5701299
12122,0.4023248
12125,0.9274123
12133,0.42859873
12137,0.5701299
12141,0.30982882
12143,0.39221284
12144,0.5701299
12154,0.30982882
12163,0.3951106
12170,0.4023248
12193,0.30982882
12196,0.3951106
12206,0.45856658
12209,0.5701299
12214,0.4023248
12228,0.35404223
12233,0.45137483
12238,0.5701299
12242,0.3928116
12245,0.41398746
12247,0.42859873
12251,0.35404223
12287,0.3928116
12292,0.5701299
12304,0.3827602
12317,0.5701299
12320,0.5701299
12323,0.5701299
12328,0.4023248
12333,0.5701299
12334,0.4023248
12335,0.42553708
12352,0.5701299
12358,0.39221284
12364,0.42553708
12376,0.4023248
12396,0.3951106
12402,0.9274123
12406,0.37152562
12408,0.30982882
12410,0.9274123
12413,0.4023248
12417,0.39221284
12424,0.39221284
12425,0.30982882
12426,0.35404223
12430,0.3827602
12432,0.5701299
12433,0.4023248
12451,0.1971552
12457,0.41398746
12465,0.5701299
12468,0.42352584
12474,0.37152562
12475,0.5701299
12486,0.5701299
12487,0.3951106
12514,0.4187957
12524,0.9274123
12526,0.35404223
12530,0.35404223
12532,0.30895054
12593,0.42418328
12599,0.39221284
12600,0.37152562
12603,0.3928116
12624,0.9274123
12630,0.3928116
12638,0.4187957
12641,0.5701299
12643,0.5701299
12656,0.42352584
12666,0.4187957
12673,0.5701299
12675,0.40019923
12678,0.3928116
12692,0.01127593
12693,0.9274123
12707,0.41398746
12711,0.5701299
12716,0.40019923
12717,0.5701299
12723,0.39221284
12738,0.30982882
12742,0.30982882
12746,0.3641915
12753,0.5701299
12758,0.4187957
12760,0.30982882
12763,0.3928116
12764,0.41398746
12768,0.3641915
12776,0.42859873
12777,0.4187957
12783,0.9274123
12804,0.39221284
12824,0.3641915
12839,0.42859873
12847,0.42352584
12850,0.9274123
12867,0.5701299
12883,0.42418328
12887,0.35404223
12890,0.29761067
12903,0.41759807
12906,0.30982882
12907,0.1971552
12909,0.41759807
12912,0.3928116
12915,0.29761067
12930,0.795854
12931,0.4187957
12934,0.3951106
12951,0.42553708
12955,0.4187957
12973,0.5701299
12988,0.30982882
12999,0.35404223
13015,0.3928116
13026,0.45497763
13036,0.35404223
13039,0.29761067
13040,0.4127741
13041,0.33024076
13043,0.9274123
13057,0.42352584
13064,0.3641915
13068,0.5701299
13069,0.39221284
13073,0.41398746
13079,0.5701299
13086,0.30982882
13089,0.39342442
13093,0.35404223
13097,0.5701299
13098,0.41398746
13105,0.35404223
13107,0.47056216
13108,0.6468045
13110,0.35404223
13112,0.47056216
13114,0.35404223
13118,0.35404223
13127,0.30982882
13129,0.30982882
13142,0.9274123
13146,0.5701299
13149,0.5701299
13157,0.4023248
13158,0.4023248
13159,0.45856658
13161,0.4170559
13162,0.4023248
13166,0.4023248
13168,0.4023248
13170,0.9274123
13186,0.42352584
13191,0.3928116
13203,0.4023248
13209,0.42352584
13212,0.41398746
13213,0.35404223
13222,0.45856658
13229,0.4023248
13234,0.4170559
13257,0.5701299
13258,0.3641915
13268,0.4170559
13270,0.3928116
13291,0.42859873
13292,0.65169823
13299,0.3928116
13307,0.9274123
13309,0.35404223
13311,0.4023248
13312,0.42553708
13322,0.35404223
13324,0.5701299
13330,0.3951106
13338,0.47056216
13344,0.4127741
13348,0.2333362
13355,0.4187957
13365,0.9274123
13368,0.42352584
13370,0.4187957
13372,0.4170559
13377,0.45133364
13385,0.5701299
13389,0.3951106
13393,0.5701299
13395,0.42859873
13404,0.47056216
13411,0.42553708
13416,0.3928116
13434,0.3951106
13435,0.3928116
13445,0.30982882
13446,0.30982882
13451,0.5701299
13462,0.41398746
13464,0.35404223
13466,0.4023248
13471,0.35404223
13472,0.5701299
13477,0.5701299
13481,0.42859873
13484,0.69537127
13490,0.35404223
13492,0.39221284
13500,0.41759807
13508,0.42553708
13516,0.35404223
13525,0.37152562
13526,0.5701299
13530,0.4187957
13532,0.3641915
13538,0.3641915
13546,0.4023248
13548,0.35404223
13550,0.5701299
13551,0.39221284
13564,0.42553708
13566,0.5701299
13570,0.4023248
13580,0.4023248
13585,0.4170559
13588,0.45856658
13592,0.5701299
13594,0.3641915
13609,0.45137483
13610,0.8464148
13613,0.30982882
13625,0.42553708
13626,0.5701299
13639,0.5701299
13645,0.9274123
13647,0.45856658
13648,0.45137483
13652,0.5701299
13654,0.5701299
13664,0.5701299
13673,0.39221284
13684,0.4023248
13690,0.35404223
13693,0.4170559
13696,0.41759807
13700,0.795854
13701,0.35404223
13707,0.42418328
13713,0.41398746
13714,0.42352584
13716,0.3928116
13720,0.3928116
13727,0.39221284
13733,0.30982882
13738,0.42352584
13757,0.3641915
13759,0.47056216
13761,0.5701299
13767,0.4127741
13782,0.4023248
13786,0.3641915
13787,0.4187957
13792,0.47056216
13795,0.39221284
13798,0.5701299
13807,0.08066304
13809,0.4187957
13811,0.30982882
13815,0.4023248
13817,0.4127741
13818,0.47056216
13822,0.3928116
13824,0.30982882
13829,0.40019923
13832,0.9307113
13840,0.5101947
13841,0.5101947
13868,0.42859873
13871,0.9274123
13880,0.37152562
13888,0.42418328
13890,0.5701299
13891,0.35404223
13895,0.30982882
13907,0.4023248
13910,0.45137483
13912,0.40019923
13913,0.3928116
13923,0.47056216
13929,0.3928116
13936,0.4023248
13946,0.41759807
13950,0.5701299
13951,0.4187957
13954,0.41398746
13958,0.42859873
13969,0.4023248
13980,0.29761067
13981,0.5701299
13986,0.3951106
13987,0.30982882
13989,0.41759807
13992,0.45137483
13994,0.5701299
14001,0.42427158
14002,0.3951106
14004,0.3951106
14006,0.4023248
14012,0.4127741
14021,0.3827602
14024,0.3928116
14045,0.3928116
14047,0.6880955
14057,0.4023248
14059,0.35404223
14060,0.35404223
14068,0.30982882
14070,0.39221284
14074,0.3928116
14076,0.45856658
14089,0.45856658
14115,0.3928116
14116,0.47056216
14128,0.4170559
14131,0.4187957
14134,0.5701299
14137,0.4023248
14138,0.3641915
14139,0.5701299
14152,0.3827602
14153,0.9274123
14155,0.42553708
14156,0.5701299
14164,0.42352584
14165,0.5701299
14171,0.35404223
14174,0.4187957
14181,0.6229195
14186,0.9337732
14192,0.41398746
14201,0.4170559
14210,0.5701299
14214,0.42352584
14231,0.4023248
14236,0.40019923
14241,0.5701299
14245,0.37152562
14249,0.42859873
14251,0.5701299
14262,0.4187957
14265,0.2333362
14267,0.3951106
14270,0.9274123
14276,0.3928116
14279,0.1971552
14281,0.45137483
14289,0.45856658
14290,0.47056216
14293,0.4187957
14295,0.5101947
14297,0.4702599
14298,0.5701299
14310,0.30982882
14312,0.5701299
14315,0.5701299
14318,0.42352584
14319,0.41398746
14325,0.42418328
14331,0.4187957
14334,0.30982882
14341,0.45137483
14343,0.9274123
14344,0.3928116
14346,0.42553708
14347,0.42859873
14349,0.4187957
14352,0.42352584
14358,0.3641915
14361,0.45137483
14363,0.4127741
14374,0.42859873
14376,0.5701299
14381,0.47056216
14398,0.37152562
14410,0.35404223
14412,0.5701299
14415,0.5701299
14423,0.4170559
14425,0.3641915
14436,0.3928116
14444,0.42859873
14455,0.5701299
14465,0.4187957
14469,0.5701299
14471,0.42352584
14475,0.41398746
14479,0.35404223
14480,0.30982882
14488,0.4023248
14491,0.5701299
14501,0.39221284
14520,0.39221284
14522,0.42352584
14523,0.41398746
14537,0.5101947
14538,0.4127741
14550,0.39221284
14561,0.30982882
14575,0.5701299
14586,0.42553708
14592,0.5701299
14601,0.42859873
14602,0.35404223
14604,0.42859873
14606,0.3928116
14627,0.3951106
14641,0.41759807
14652,0.4187957
14662,0.45856658
14665,0.39221284
14673,0.3928116
14675,0.5701299
14679,0.65169823
14683,0.3951106
14686,0.35404223
14705,0.6229195
14708,0.4187957
14709,0.5101947
14710,0.30982882
14715,0.41398746
14717,0.3951106
14723,0.39221284
14725,0.4170559
14727,0.47056216
14728,0.39221284
14735,0.3928116
14746,0.4187957
14752,0.5701299
14757,0.47056216
14762,0.29761067
14763,0.35404223
14797,0.35404223
14812,0.30982882
14818,0.4127741
14825,0.4187957
14827,0.3641915
14829,0.4187957
14830,0.5701299
14837,0.3951106
14849,0.5701299
14863,0.37152562
14869,0.3928116
14882,0.41398746
14884,0.3928116
14886,0.41759807
14888,0.5701299
14890,0.39221284
14904,0.35404223
14938,0.5701299
14952,0.42553708
14958,0.42418328
14963,0.4187957
14979,0.45137483
14980,0.3641915
14986,0.4170559
14988,0.5701299
15003,0.45137483
15006,0.5701299
15009,0.9274123
15015,0.3951106
15024,0.39221284
15030,0.4170559
15036,0.5701299
15038,0.42859873
15039,0.5701299
15047,0.5701299
15049,0.4170559
15056,0.9274123
15068,0.39221284
15070,0.4023248
15073,0.45137483
15081,0.4187957
15084,0.47056216
15088,0.9274123
15092,0.47056216
15095,0.3641915
15097,0.4187957
15098,0.3827602
15115,0.45497763
15120,0.5701299
15126,0.29761067
15133,0.45497763
15143,0.4187957
15156,0.5101947
15164,0.41759807
15178,0.3928116
15198,0.6229195
15200,0.93555176
15208,0.01127593
15214,0.42418328
15218,0.4023248
15231,0.35404223
15238,0.29761067
15239,0.35404223
15240,0.35404223
15249,0.42859873
15256,0.30982882
15260,0.4127741
15290,0.5701299
15307,0.9274123
15308,0.41759807
15321,0.93555176
15323,0.4170559
15325,0.39221284
15342,0.5701299
15346,0.42553708
15349,0.42553708
15354,0.35404223
15362,0.3928116
15379,0.4170559
15383,0.39221284
15394,0.30982882
15401,0.42859873
15405,0.3641915
15407,0.3641915
15412,0.4170559
15413,0.42859873
15415,0.4127741
15427,0.45856658
15430,0.39221284
15436,0.4187957
15439,0.41398746
15443,0.5701299
15444,0.39221284
15445,0.5701299
15450,0.3641915
15456,0.5701299
15465,0.5701299
15466,0.45137483
15470,0.4023248
15474,0.45856658
15476,0.3641915
15482,0.4170559
15492,0.5701299
15510,0.45137483
15519,0.35404223
15523,0.30982882
15535,0.4187957
15561,0.9274123
15564,0.3928116
15566,0.42352584
15579,0.35404223
15580,0.42859873
15581,0.35404223
15587,0.39221284
15589,0.3928116
15591,0.39221284
15597,0.3827602
15620,0.42352584
15627,0.42553708
15636,0.5701299
15653,0.4187957
15662,0.9274123
15664,0.4187957
15666,0.42859873
15667,0.29761067
15674,0.45133364
15692,0.42352584
15715,0.30982882
15736,0.42352584
15744,0.4187957
15746,0.30982882
15758,0.4187957
15760,0.41759807
15766,0.41398746
15767,0.39221284
15789,0.5701299
15810,0.42427158
15818,0.45137483
15820,0.4023248
15830,0.35404223
15844,0.30982882
15850,0.1971552
15857,0.39221284
15863,0.9274123
15869,0.4127741
15872,0.4187957
15873,0.37152562
15884,0.4170559
15885,0.42352584
15891,0.42553708
15898,0.37152562
15900,0.39221284
15932,0.42352584
15940,0.42553708
15944,0.41398746
15945,0.4023248
15963,0.39221284
15970,0.3827602
15977,0.5701299
15982,0.29761067
15985,0.4187957
15995,0.42553708
16004,0.42352584
16005,0.5701299
16011,0.41759807
16019,0.5701299
16021,0.3827602
16051,0.5701299
16065,0.5701299
16066,0.42352584
16076,0.5701299
16091,0.37152562
16094,0.5701299
16101,0.41759807
16104,0.5701299
16113,0.5701299
16114,0.42352584
16115,0.5701299
16127,0.45137483
16128,0.35404223
16138,0.45137483
16139,0.5701299
16142,0.35404223
16144,0.39221284
16148,0.8156384
16151,0.35404223
16156,0.3928116
16165,0.45137483
16166,0.30982882
16179,0.69537127
16193,0.47056216
16196,0.3928116
16198,0.39221284
16210,0.42352584
16232,0.5701299
16237,0.39342442
16240,0.3928116
16252,0.45137483
16259,0.35404223
16262,0.5701299
16263,0.37152562
16270,0.5701299
16272,0.3928116
16290,0.39221284
16295,0.6229195
16297,0.4023248
16299,0.3827602
16300,0.42418328
16302,0.3951106
16303,0.4023248
16305,0.4170559
16309,0.4023248
16312,0.3928116
16320,0.5701299
16326,0.41398746
16327,0.35404223
16338,0.3951106
16342,0.3641915
16346,0.4023248
16348,0.3951106
16355,0.39221284
16356,0.4187957
16378,0.47056216
16382,0.45856658
16391,0.35404223
16392,0.42553708
16395,0.5701299
16399,0.3951106
16403,0.3641915
16408,0.30982882
16413,0.42859873
16415,0.40019923
16417,0.45856658
16420,0.37152562
16431,0.3928116
16439,0.4127741
16444,0.45137483
16446,0.06534554
16451,0.3928116
16454,0.35404223
16461,0.41398746
16462,0.42553708
16469,0.3951106
16484,0.4187957
16486,0.5101947
16487,0.35404223
16491,0.3951106
16494,0.41398746
16507,0.5028282
16508,0.42427158
16519,0.39221284
16523,0.4023248
16526,0.5101947
16530,0.35404223
16532,0.42418328
16542,0.41759807
16550,0.47056216
16555,0.3951106
16558,0.42859873
16567,0.4170559
16576,0.42553708
16579,0.42418328
16595,0.42352584
16598,0.30982882
16600,0.3641915
16604,0.6229195
16605,0.5701299
16607,0.5550001
16610,0.4023248
16612,0.95277655
16617,0.40019923
16625,0.5101947
16632,0.6229195
16634,0.5101947
16650,0.4023248
16654,0.4187957
16655,0.3951106
16656,0.39221284
16657,0.3928116
16660,0.39221284
16662,0.5701299
16669,0.4023248
16675,0.4702599
16676,0.42418328
16678,0.3641915
16679,0.3951106
16693,0.3827602
16701,0.42427158
16715,0.35404223
16722,0.40019923
16724,0.42352584
16727,0.41398746
16735,0.35404223
16741,0.47056216
16752,0.30982882
16758,0.45137483
16765,0.4187957
16771,0.35404223
16785,0.2333362
16793,0.42859873
16800,0.5101947
16805,0.35404223
16809,0.29761067
16820,0.40019923
16827,0.42859873
16830,0.4023248
16843,0.9307113
16847,0.39342442
16855,0.5101947
16860,0.5101947
16862,0.45137483
16863,0.3827602
16872,0.30895054
16874,0.29761067
16876,0.4187957
16893,0.37152562
16895,0.5101947
16914,0.6229195
16917,0.3641915
16926,0.35404223
16930,0.42352584
16931,0.3641915
16932,0.39221284
16934,0.45137483
16937,0.42553708
16941,0.3641915
16942,0.9307113
16957,0.39221284
16962,0.47056216
16967,0.45856658
16968,0.5701299
16972,0.42859873
16974,0.42553708
16984,0.37152562
16987,0.39221284
16994,0.5101947
16995,0.41398746
16999,0.35404223
17034,0.45137483
17038,0.4023248
17040,0.30982882
17050,0.39221284
17068,0.3641915
17077,0.4023248
17079,0.39221284
17082,0.45137483
17085,0.42859873
17087,0.30982882
17099,0.39342442
17105,0.35404223
17108,0.4127741
17110,0.42427158
17111,0.4187957
17123,0.5101947
17124,0.3951106
17130,0.45856658
17138,0.42553708
17143,0.6229195
17157,0.40019923
17160,0.42859873
17166,0.37152562
17167,0.40019923
17179,0.5101947
17180,0.42418328
17189,0.42859873
17197,0.5101947
17219,0.45137483
17223,0.4127741
17225,0.4023248
17229,0.6468045
17234,0.3951106
17235,0.42418328
17239,0.3928116
17242,0.35404223
17243,0.39221284
17246,0.4170559
17247,0.30982882
17255,0.39342442
17258,0.5101947
17260,0.5101947
17264,0.45137483
17270,0.41398746
17271,0.42352584
17272,0.37152562
17285,0.39221284
17294,0.42352584
17297,0.4187957
17298,0.7797319
17299,0.3951106
17306,0.47056216
17324,0.35404223
17326,0.42859873
17330,0.3928116
17345,0.35404223
17351,0.3928116
17352,0.30982882
17372,0.40019923
17381,0.40019923
17385,0.39221284
17388,0.3928116
17390,0.45856658
17392,0.42859873
17399,0.47056216
17404,0.35404223
17407,0.41398746
17408,0.5701299
17416,0.7849814
17418,0.35404223
17434,0.5701299
17438,0.5101947
17443,0.5701299
17444,0.3951106
17453,0.6229195
17460,0.4187957
17467,0.35404223
17480,0.35404223
17488,0.5101947
17490,0.45137483
17493,0.3951106
17498,0.35404223
17503,0.42352584
17513,0.3951106
17520,0.5101947
17525,0.42418328
17534,0.35404223
17545,0.3928116
17553,0.4023248
17554,0.3928116
17557,0.39221284
17563,0.42352584
17576,0.41398746
17577,0.3641915
17580,0.41759807
17582,0.3928116
17596,0.42553708
17597,0.4023248
17602,0.5101947
17614,0.47056216
17623,0.39221284
17624,0.3951106
17627,0.42352584
17628,0.3641915
17630,0.3928116
17634,0.6229195
17640,0.3641915
17652,0.5101947
17657,0.4170559
17661,0.47056216
17662,0.35404223
17666,0.30982882
17682,0.8464148
17688,0.6229195
17693,0.4023248
17705,0.4023248
17711,0.4187957
17715,0.3641915
17717,0.4187957
17721,0.42859873
17728,0.2333362
17737,0.3641915
17745,0.3951106
17755,0.3928116
17764,0.40019923
17774,0.3951106
17785,0.29761067
17786,0.45856658
17789,0.30982882
17802,0.35404223
17810,0.4127741
17819,0.4170559
17825,0.41759807
17828,0.3951106
17833,0.40019923
17841,0.41759807
17842,0.39221284
17844,0.45856658
17849,0.35404223
17855,0.4187957
17857,0.9427112
17861,0.35404223
17863,0.42859873
17868,0.30982882
17876,0.45137483
17882,0.3951106
17885,0.35404223
17893,0.42553708
17894,0.30982882
17902,0.41759807
17906,0.3641915
17911,0.5101947
17917,0.4187957
17921,0.39342442
17941,0.4170559
17945,0.39221284
17949,0.41759807
17954,0.3641915
17957,0.3951106
17958,0.5101947
17960,0.39221284
17985,0.47056216
18000,0.5101947
18002,0.41759807
18008,0.29761067
18014,0.41398746
18015,0.9307113
18019,0.40019923
18021,0.4187957
18026,0.39342442
18029,0.35404223
18034,0.41398746
18035,0.35404223
18036,0.5101947
18039,0.5101947
18066,0.4170559
18076,0.3951106
18089,0.40019923
18104,0.41759807
18110,0.4023248
18129,0.45137483
18131,0.4170559
18133,0.42859873
18136,0.35404223
18148,0.55417097
18152,0.01127593
18167,0.42553708
18177,0.42352584
18178,0.35404223
18183,0.3928116
18194,0.4170559
18197,0.6229195
18213,0.2333362
18214,0.30982882
18221,0.35404223
18227,0.1971552
18239,0.5701299
18245,0.47056216
18266,0.40019923
18267,0.6229195
18274,0.30982882
18283,0.41398746
18297,0.30982882
18302,0.42418328
18303,0.45137483
18315,0.42553708
18324,0.29761067
18326,0.42859873
18334,0.45137483
18336,0.35404223
18344,0.39221284
18346,0.4187957
18347,0.4170559
18350,0.3951106
18352,0.42859873
18364,0.4170559
18366,0.37152562
18373,0.42859873
18391,0.42418328
18393,0.4023248
18395,0.4023248
18400,0.93555176
18408,0.3951106
18421,0.4187957
18425,0.42553708
18443,0.30982882
18451,0.3928116
18456,0.3928116
18458,0.5101947
18460,0.30982882
18467,0.5101947
18468,0.39221284
18475,0.5101947
18485,0.1971552
18494,0.6468045
18495,0.9307113
18508,0.42352584
18530,0.4187957
18533,0.4187957
18547,0.41398746
18548,0.3641915
18553,0.30982882
18561,0.37152562
18565,0.6229195
18572,0.35404223
18593,0.30982882
18600,0.45137483
18621,0.3928116
18629,0.6229195
18637,0.35404223
18649,0.3641915
18653,0.42352584
18660,0.3827602
18671,0.42418328
18672,0.29761067
18677,0.41398746
18681,0.9274123
18684,0.9274123
18686,0.42427158
18689,0.39221284
18690,0.4170559
18709,0.39221284
18716,0.6229195
18723,0.45137483
18773,0.42418328
18782,0.39221284
18797,0.5701299
18810,0.3641915
18817,0.47056216
18820,0.6229195
18825,0.29761067
18837,0.42352584
18850,0.4023248
18857,0.5101947
18861,0.4101213
18867,0.39221284
18870,0.45137483
18877,0.6229195
18887,0.4702599
18898,0.39221284
18900,0.42352584
18914,0.39221284
18921,0.5701299
18922,0.65169823
18945,0.41398746
18947,0.4127741
18953,0.39221284
18954,0.35404223
18957,0.47056216
18960,0.42859873
18973,0.4187957
18983,0.6229195
18990,0.45856658
18991,0.40019923
18993,0.3827602
18995,0.45137483
18996,0.39221284
19003,0.45856658
19014,0.39221284
19015,0.3928116
19019,0.41759807
19028,0.45856658
19038,0.6229195
19040,0.5101947
19046,0.35404223
19051,0.30982882
19054,0.9274123
19056,0.3928116
19074,0.3951106
19085,0.40019923
19099,0.9274123
19124,0.45856658
19134,0.45137483
19141,0.35404223
19146,0.4127741
19150,0.39221284
19170,0.3641915
19176,0.3827602
19187,0.4187957
19189,0.3951106
19202,0.4023248
19208,0.4023248
19209,0.30982882
19210,0.6229195
19216,0.4187957
19217,0.42352584
19218,0.9427112
19223,0.47056216
19240,0.30982882
19246,0.5101947
19269,0.3641915
19275,0.55417097
19287,0.4023248
19298,0.4187957
19303,0.3928116
19313,0.42418328
19325,0.29761067
19326,0.35404223
19328,0.39221284
19330,0.42553708
19340,0.41398746
19342,0.39221284
19343,0.3928116
19344,0.41398746
19363,0.30982882
19364,0.42352584
19371,0.29761067
19376,0.45856658
19377,0.35404223
19381,0.42352584
19384,0.5101947
19390,0.5101947
19402,0.4187957
19405,0.4023248
19409,0.42859873
19418,0.4170559
19429,0.6229195
19446,0.42418328
19458,0.47056216
19460,0.42859873
19462,0.39342442
19465,0.37152562
19472,0.5101947
19480,0.42553708
19503,0.5101947
19507,0.42418328
19517,0.35404223
19533,0.41398746
19537,0.40019923
19541,0.42553708
19563,0.4170559
19566,0.6229195
19568,0.6229195
19576,0.42553708
19591,0.37152562
19597,0.6229195
19619,0.4127741
19622,0.5101947
19623,0.4187957
19624,0.37152562
19627,0.3951106
19629,0.45137483
19633,0.3951106
19639,0.29761067
19641,0.3641915
19643,0.3928116
19649,0.4127741
19652,0.6229195
19657,0.35404223
19660,0.5101947
19668,0.9274123
19678,0.39221284
19686,0.41759807
19690,0.29761067
19694,0.39221284
19695,0.3928116
19702,0.42427158
19712,0.5701299
19720,0.5101947
19735,0.3951106
19739,0.3641915
19740,0.5101947
19743,0.35404223
19750,0.45856658
19752,0.4187957
19754,0.3951106
19762,0.6229195
19770,0.30982882
19775,0.42352584
19777,0.3827602
19782,0.3641915
19783,0.5101947
19786,0.4023248
19805,0.4023248
19808,0.39342442
19819,0.47056216
19821,0.35404223
19827,0.41398746
19830,0.45137483
19832,0.41398746
19833,0.42352584
19834,0.35404223
19843,0.4187957
19844,0.29761067
19846,0.35404223
19847,0.3641915
19850,0.6229195
19851,0.30982882
19861,0.8464148
19873,0.33024076
19878,0.3641915
19886,0.4187957
19892,0.3928116
19901,0.3951106
19902,0.33024076
19920,0.45133364
19921,0.35404223
19922,0.4187957
19929,0.5701299
19932,0.6229195
19935,0.35404223
19936,0.3951106
19946,0.6229195
19950,0.33024076
19952,0.42859873
19955,0.6229195
19976,0.47056216
19983,0.4023248
19987,0.35404223
19991,0.95277655
19996,0.42352584
20007,0.5101947
20015,0.3641915
20019,0.30982882
20023,0.42859873
20034,0.3928116
20036,0.35404223
20038,0.42553708
20039,0.3641915
20040,0.4187957
20045,0.6229195
20046,0.41398746
20048,0.4187957
20060,0.6229195
20068,0.3827602
20074,0.5701299
20111,0.42859873
20117,0.29761067
20125,0.37152562
20129,0.4170559
20134,0.3641915
20135,0.35404223
20139,0.3951106
20142,0.6229195
20147,0.3951106
20154,0.6229195
20157,0.30982882
20169,0.054824322
20179,0.30982882
20202,0.45137483
20207,0.5101947
20215,0.41398746
20216,0.9307113
20217,0.6229195
20218,0.6229195
20219,0.42352584
20226,0.37152562
20236,0.35404223
20239,0.29761067
20246,0.35404223
20247,0.39342442
20253,0.45137483
20255,0.29761067
20268,0.37152562
20270,0.6229195
20271,0.4187957
20279,0.4101213
20282,0.5101947
20295,0.35404223
20302,0.4702599
20305,0.4702599
20306,0.5101947
20308,0.35404223
20330,0.42352584
20335,0.6229195
20344,0.42352584
20349,0.6229195
20360,0.4187957
20362,0.40019923
20378,0.39221284
20394,0.30982882
20397,0.6229195
20403,0.41759807
20405,0.3928116
20415,0.42352584
20417,0.4187957
20420,0.4023248
20425,0.6229195
20430,0.6229195
20435,0.45137483
20443,0.4187957
20446,0.6229195
20458,0.4023248
20459,0.47056216
20467,0.41398746
20470,0.6229195
20482,0.45856658
20489,0.4127741
20495,0.3641915
20496,0.3928116
20497,0.4170559
20505,0.6229195
20509,0.9307113
20535,0.3827602
20539,0.6229195
20544,0.45856658
20547,0.3928116
20556,0.30895054
20557,0.3928116
20575,0.3928116
20577,0.4127741
20596,0.4127741
20597,0.5101947
20602,0.3951106
20603,0.5101947
20609,0.6229195
20618,0.3641915
20621,0.42418328
20628,0.3641915
20634,0.5701299
20637,0.4023248
20641,0.3951106
20642,0.6229195
20647,0.37152562
20655,0.3827602
20656,0.30982882
20661,0.35404223
20664,0.6229195
20674,0.6229195
20679,0.4127741
20680,0.3928116
20683,0.9274123
20687,0.30982882
20688,0.95277655
20695,0.30982882
20696,0.3641915
20699,0.35404223
20701,0.29761067
20702,0.40019923
20704,0.3641915
20721,0.42553708
20725,0.30982882
20731,0.3951106
20741,0.5101947
20742,0.30982882
20753,0.42427158
20756,0.29761067
20769,0.29761067
20771,0.4023248
20774,0.4023248
20777,0.4187957
20781,0.42352584
20797,0.3928116
20808,0.30982882
20810,0.3928116
20820,0.30895054
20823,0.9307113
20829,0.95277655
20832,0.4023248
20833,0.35404223
20837,0.35404223
20838,0.47056216
20839,0.3641915
20847,0.42352584
20861,0.3641915
20869,0.9307113
20875,0.30982882
20877,0.6229195
20889,0.3641915
20894,0.45497763
20901,0.4187957
20919,0.39342442
20923,0.35404223
20935,0.4702599
20937,0.35404223
20939,0.9307113
20940,0.4187957
20943,0.35404223
20946,0.3827602
20950,0.42859873
20961,0.5701299
20965,0.4187957
20967,0.5701299
20969,0.40019923
20970,0.42553708
20975,0.42859873
20987,0.35404223
20995,0.40019923
20998,0.6229195
21002,0.29761067
21012,0.96107507
21013,0.5101947
21015,0.3951106
21017,0.45137483
21020,0.30982882
21028,0.39221284
21031,0.39221284
21036,0.35404223
21040,0.35404223
21048,0.42859873
21049,0.3641915
21051,0.3928116
21070,0.3928116
21072,0.45856658
21079,0.3951106
21090,0.4023248
21093,0.39221284
21104,0.2333362
21114,0.42553708
21117,0.47056216
21120,0.35404223
21121,0.3641915
21132,0.35404223
21136,0.41398746
21139,0.42352584
21140,0.4023248
21146,0.4023248
21150,0.30982882
21178,0.5701299
21180,0.6229195
21198,0.3951106
21203,0.4023248
21210,0.42859873
21218,0.3951106
21220,0.3951106
21222,0.30982882
21228,0.5701299
21236,0.42418328
21239,0.30982882
21260,0.3928116
21267,0.39342442
21271,0.3827602
21279,0.47056216
21286,0.29761067
21288,0.37152562
21294,0.3928116
21298,0.30982882
21299,0.4187957
21300,0.4702599
21304,0.35404223
21307,0.42859873
21309,0.35404223
21311,0.45137483
21331,0.35404223
21332,0.5701299
21342,0.41398746
21345,0.39221284
21348,0.6229195
21353,0.4023248
21357,0.42418328
21369,0.45137483
21370,0.6229195
21371,0.3928116
21373,0.06534554
21385,0.4187957
21392,0.45856658
21401,0.5101947
21403,0.42418328
21406,0.6229195
21413,0.33024076
21414,0.5701299
21416,0.5701299
21423,0.6229195
21442,0.6468045
21443,0.47056216
21448,0.4023248
21459,0.42418328
21467,0.42352584
21474,0.4023248
21484,0.5701299
21488,0.3641915
21495,0.30982882
21498,0.3951106
21502,0.41398746
21503,0.39221284
21510,0.45137483
21516,0.5701299
21533,0.6229195
21535,0.3951106
21539,0.42427158
21541,0.37152562
21544,0.42352584
21554,0.42859873
21569,0.4023248
21572,0.5101947
21578,0.39221284
21580,0.3928116
21584,0.29761067
21589,0.5701299
21595,0.3641915
21598,0.3641915
21599,0.3641915
21606,0.4187957
21623,0.37152562
21639,0.45137483
21641,0.42553708
21645,0.35404223
21647,0.42859873
21648,0.42859873
21657,0.42352584
21671,0.4187957
21673,0.39342442
21678,0.42553708
21696,0.4170559
21699,0.3951106
21700,0.30982882
21703,0.39221284
21710,0.39221284
21721,0.42859873
21727,0.3827602
21728,0.39342442
21731,0.37152562
21741,0.4023248
21744,0.4023248
21748,0.3641915
21753,0.4023248
21756,0.5101947
21763,0.37152562
21767,0.42427158
21772,0.6229195
21774,0.3827602
21775,0.3951106
21780,0.42352584
21787,0.41398746
21805,0.35404223
21828,0.45137483
21831,0.3827602
21837,0.3641915
21842,0.3641915
21849,0.3641915
21856,0.42859873
21858,0.4023248
21862,0.41398746
21864,0.3641915
21867,0.3951106
21879,0.4023248
21881,0.42352584
21883,0.42859873
21891,0.3641915
21892,0.42859873
21902,0.4170559
21909,0.4187957
21914,0.42427158
21918,0.35404223
21919,0.30982882
21926,0.45856658
21930,0.4127741
21934,0.41759807
21940,0.35404223
21945,0.45856658
21948,0.5101947
21953,0.35404223
21954,0.4127741
21956,0.4187957
21963,0.5101947
21970,0.3928116
21984,0.3641915
21997,0.4187957
21999,0.45856658
22001,0.3641915
22002,0.40019923
22010,0.35404223
22013,0.35404223
22022,0.30982882
22024,0.35404223
22028,0.30982882
22029,0.6229195
22045,0.35404223
22049,0.45137483
22064,0.42427158
22069,0.3641915
22074,0.45137483
22082,0.30982882
22084,0.42352584
22090,0.5701299
22096,0.45137483
22100,0.3827602
22105,0.3827602
22119,0.39221284
22130,0.35404223
22152,0.42859873
22155,0.42859873
22164,0.30982882
22173,0.39221284
22194,0.42352584
22209,0.3641915
22217,0.45137483
22220,0.42352584
22222,0.6229195
22244,0.2333362
22245,0.4023248
22250,0.42352584
22256,0.6229195
22261,0.6229195
22264,0.39221284
22270,0.41398746
22279,0.5101947
22280,0.35404223
22284,0.30982882
22288,0.37152562
22293,0.45137483
22297,0.9274123
22307,0.5101947
22310,0.37152562
22319,0.47056216
22324,0.3641915
22326,0.4127741
22327,0.37152562
22329,0.3641915
22331,0.41398746
22340,0.5101947
22342,0.45137483
22347,0.4187957
22351,0.37152562
22357,0.3641915
22361,0.4187957
22371,0.3641915
22373,0.6229195
22391,0.42859873
22404,0.39221284
22409,0.69537127
22411,0.3951106
22428,0.3641915
22436,0.3641915
22444,0.39342442
22445,0.42553708
22451,0.3641915
22463,0.3641915
22464,0.30982882
22467,0.5701299
22472,0.39221284
22485,0.5701299
22497,0.42859873
22504,0.5701299
22508,0.42553708
22516,0.3641915
22522,0.35404223
22527,0.45856658
22543,0.42352584
22549,0.3641915
22551,0.45497763
22557,0.45137483
22562,0.35404223
22567,0.3641915
22572,0.37152562
22575,0.3928116
22578,0.42352584
22579,0.37152562
22580,0.3641915
22581,0.30982882
22591,0.42352584
22593,0.35404223
22597,0.3641915
22600,0.6229195
22602,0.42352584
22603,0.42859873
22616,0.45137483
22617,0.30982882
22622,0.37152562
22623,0.3827602
22624,0.5101947
22628,0.42859873
22640,0.39221284
22641,0.3641915
22653,0.42859873
22660,0.42352584
22672,0.47056216
22674,0.3827602
22689,0.42859873
22698,0.3641915
22705,0.39221284
22709,0.6229195
22711,0.30982882
22714,0.5101947
22715,0.30982882
22729,0.45137483
22730,0.42352584
22733,0.42553708
22750,0.1971552
22754,0.42418328
22756,0.3928116
22758,0.4702599
22767,0.39342442
22768,0.3951106
22769,0.41759807
22776,0.40019923
22778,0.30982882
22780,0.45137483
22789,0.4127741
22797,0.47056216
22799,0.4023248
22814,0.30982882
22818,0.3827602
22821,0.41398746
22823,0.4170559
22841,0.2333362
22847,0.3827602
22848,0.42859873
22862,0.35404223
22875,0.5701299
22877,0.45137483
22887,0.3928116
22892,0.40019923
22899,0.42352584
22901,0.4187957
22907,0.4187957
22909,0.5701299
22926,0.3641915
22927,0.37152562
22930,0.37152562
22934,0.3951106
22937,0.35404223
22939,0.5701299
22949,0.3827602
22951,0.5701299
22955,0.3827602
22965,0.9274123
22966,0.5701299
22968,0.9274123
22972,0.5701299
22975,0.5701299
22981,0.4023248
22988,0.5701299
22994,0.3641915
22996,0.5701299
23011,0.5701299
23028,0.5701299
23031,0.3827602
23035,0.3641915
23038,0.5701299
23042,0.5701299
23049,0.47056216
23051,0.9274123
23053,0.29761067
23057,0.5701299
23058,0.5701299
23063,0.3827602
23064,0.3827602
23067,0.45856658
23071,0.4023248
23075,0.5701299
23077,0.5701299
23090,0.3827602
23094,0.5701299
23097,0.3827602
23103,0.45137483
23107,0.5701299
23117,0.3641915
23122,0.4023248
23124,0.41398746
23126,0.5701299
23129,0.5701299
23136,0.5701299
23141,0.3827602
23142,0.5701299
23147,0.3827602
23154,0.5701299
23159,0.42418328
23165,0.5701299
23171,0.5701299
23173,0.09435932
23175,0.35404223
23179,0.9274123
23182,0.5701299
23185,0.5701299
23188,0.3641915
23189,0.3641915
23209,0.3641915
23214,0.5701299
23215,0.3641915
23233,0.35404223
23241,0.5701299
23252,0.4023248
23255,0.5701299
23263,0.4023248
23281,0.30982882
23282,0.4170559
23289,0.41759807
23292,0.42427158
23296,0.3827602
23297,0.3928116
23301,0.3928116
23302,0.33024076
23304,0.39221284
23309,0.42352584
23312,0.5701299
23316,0.3827602
23321,0.45856658
23342,0.42189544
23344,0.39108312
23350,0.33140773
23367,0.52288896
23368,0.2598679
23374,0.38229218
23387,0.3365991
23389,0.90783197
23399,0.34635368
23403,0.33208892
23406,0.90783197
23414,0.47294477
23415,0.52887666
23419,0.52288896
23436,0.28676546
23439,0.90783197
23444,0.52288896
23445,0.42189544
23455,0.2982638
23469,0.38229218
23472,0.34635368
23477,0.38229218
23478,0.52288896
23479,0.3460794
23487,0.42189544
23490,0.3423334
23491,0.37162057
23492,0.3518163
23494,0.3365991
23496,0.39108312
23497,0.2598679
23506,0.33140773
23515,0.34028655
23528,0.42189544
23532,0.3460794
23549,0.32744586
23551,0.34635368
23552,0.37162057
23555,0.42189544
23556,0.3423334
23564,0.52288896
23583,0.3460794
23592,0.52288896
23597,0.90783197
23601,0.22337084
23605,0.52288896
23615,0.3365991
23619,0.42189544
23621,0.90783197
23626,0.52288896
23635,0.52288896
23637,0.3460794
23640,0.42189544
23646,0.34635368
23655,0.3423334
23672,0.2982638
23673,0.52887666
23682,0.22337084
23683,0.52288896
23699,0.38229218
23704,0.52288896
23707,0.90783197
23713,0.30596647
23714,0.39108312
23716,0.52288896
23718,0.52288896
23721,0.39108312
23735,0.2598679
23737,0.52887666
23744,0.3365991
23749,0.52288896
23755,0.4620201
23769,0.52288896
23772,0.52288896
23773,0.04245642
23774,0.52288896
23779,0.18822248
23782,0.52288896
23793,0.31699407
23803,0.90783197
23828,0.52288896
23833,0.52288896
23834,0.37162057
23844,0.42189544
23845,0.52288896
23852,0.2982638
23855,0.52288896
23867,0.22337084
23872,0.52288896
23874,0.52288896
23880,0.38229218
23886,0.3365991
23898,0.2598679
23900,0.38229218
23903,0.38229218
23907,0.33140773
23908,0.39108312
23912,0.38229218
23916,0.33140773
23917,0.52288896
23918,0.42189544
23922,0.3460794
23928,0.32744586
23940,0.52288896
23944,0.33924899
23945,0.52288896
23951,0.2598679
23966,0.40438703
23970,0.44076774
23971,0.52887666
23976,0.52288896
23980,0.2598679
23987,0.90783197
23988,0.22337084
23993,0.42189544
23997,0.2982638
23998,0.42189544
23999,0.90783197
24010,0.52288896
24015,0.52288896
24023,0.42189544
24033,0.30596647
24046,0.52288896
24060,0.3423334
24062,0.34635368
24065,0.52288896
24070,0.31699407
24071,0.16055295
24073,0.44076774
24079,0.3423334
24082,0.90783197
24084,0.42189544
24089,0.3423334
24094,0.42189544
24100,0.3423334
24105,0.27669334
24106,0.33140773
24108,0.52288896
24111,0.90783197
24120,0.4620201
24125,0.32744586
24134,0.52288896
24140,0.52887666
24151,0.2598679
24153,0.25331172
24154,0.52288896
24161,0.42189544
24166,0.3423334
24170,0.52288896
24176,0.2982638
24182,0.90783197
24188,0.42189544
24190,0.3423334
24201,0.90783197
24211,0.22337084
24215,0.52288896
24216,0.90783197
24219,0.30596647
24222,0.52288896
24240,0.9274123
24243,0.42553708
24245,0.35404223
24251,0.39221284
24256,0.9274123
24258,0.4170559
24261,0.4187957
24263,0.3951106
24264,0.42553708
24266,0.42352584
24273,0.4187957
24278,0.41398746
24289,0.9274123
24292,0.35404223
24293,0.3928116
24298,0.9274123
24299,0.4127741
24303,0.5701299
24304,0.3951106
24305,0.42553708
24329,0.3928116
24341,0.3928116
24345,0.5701299
24353,0.45856658
24358,0.9274123
24364,0.5101947
24367,0.42352584
24370,0.5101947
24377,0.4187957
24380,0.39221284
24381,0.45856658
24387,0.3827602
24391,0.39221284
24409,0.9274123
24413,0.45137483
24416,0.4023248
24427,0.6229195
24439,0.30982882
24443,0.4187957
24448,0.42553708
24454,0.9274123
24455,0.42418328
24461,0.41759807
24464,0.3951106
24468,0.39221284
24469,0.41759807
24501,0.42859873
24508,0.42352584
24519,0.3951106
24520,0.9274123
24538,0.5701299
24540,0.5701299
24550,0.3928116
24552,0.41759807
24561,0.47056216
24577,0.33024076
24579,0.45137483
24580,0.41398746
24582,0.42859873
24591,0.42352584
24592,0.42553708
24599,0.4023248
24602,0.3641915
24606,0.4187957
24617,0.45856658
24619,0.41398746
24630,0.1971552
24633,0.9274123
24634,0.41759807
24638,0.3928116
24641,0.3641915
24644,0.42859873
24645,0.9274123
24656,0.39221284
24661,0.42859873
24663,0.5701299
24667,0.3951106
24669,0.5701299
24682,0.3951106
24698,0.45137483
24699,0.5701299
24702,0.45137483
24703,0.5701299
24717,0.3951106
24724,0.9274123
24731,0.45856658
24737,0.4127741
24740,0.5550001
24743,0.4170559
24744,0.9274123
24755,0.5701299
24757,0.42352584
24765,0.5701299
24766,0.42352584
24776,0.5701299
24787,0.9274123
24789,0.4069439
24791,0.30895054
24792,0.4170559
24804,0.04848533
24812,0.4023248
24816,0.41759807
24817,0.47056216
24820,0.47056216
24828,0.42859873
24832,0.41398746
24836,0.45856658
24842,0.5701299
24846,0.40019923
24847,0.42859873
24848,0.9274123
24851,0.5701299
24855,0.5701299
24856,0.45137483
24871,0.5701299
24874,0.4170559
24877,0.37152562
24889,0.4187957
24897,0.45137483
24899,0.5701299
24908,0.41398746
24913,0.5701299
24923,0.40019923
24933,0.42352584
24971,0.3928116
24973,0.9274123
24993,0.5701299
24998,0.5701299
25000,0.9274123
25001,0.9274123
25002,0.42553708
25003,0.9274123
25009,0.42859873
25024,0.45856658
25026,0.42859873
25027,0.9274123
25034,0.42418328
25050,0.3928116
25057,0.3827602
25067,0.42352584
25075,0.3641915
25081,0.4187957
25085,0.4187957
25093,0.39221284
25097,0.3928116
25103,0.3951106
25104,0.5701299
25109,0.37152562
25112,0.42418328
25113,0.35404223
25114,0.45137483
25119,0.40019923
25121,0.45856658
25122,0.45137483
25124,0.5701299
25131,0.4023248
25134,0.4170559
25144,0.4170559
25147,0.5701299
25148,0.5701299
25149,0.41398746
25155,0.5701299
25169,0.4023248
25177,0.5701299
25178,0.3928116
25179,0.37152562
25180,0.5701299
25191,0.5701299
25199,0.45856658
25232,0.55417097
25241,0.3951106
25242,0.4127741
25243,0.40019923
25246,0.47056216
25259,0.5701299
25265,0.5701299
25278,0.5701299
25280,0.4127741
25284,0.3951106
25286,0.5701299
25288,0.40019923
25318,0.9274123
25330,0.5701299
25333,0.35404223
25339,0.3641915
25340,0.5701299
25346,0.35404223
25349,0.4980896
25351,0.30982882
25361,0.5701299
25366,0.37152562
25368,0.9274123
25369,0.35404223
25370,0.33024076
25375,0.09435932
25376,0.5701299
25377,0.30982882
25379,0.37152562
25382,0.5701299
25386,0.5701299
25389,0.5701299
25399,0.39221284
25400,0.9274123
25401,0.40019923
25407,0.40019923
25409,0.41759807
25412,0.5101947
25416,0.41759807
25418,0.3951106
25423,0.4187957
25436,0.37152562
25439,0.29761067
25442,0.35404223
25445,0.9274123
25446,0.4187957
25453,0.42859873
25456,0.5701299
25458,0.33024076
25460,0.3951106
25461,0.42859873
25468,0.42859873
25470,0.3641915
25471,0.40019923
25482,0.42553708
25501,0.9274123
25504,0.5701299
25515,0.3928116
25518,0.3951106
25528,0.4187957
25533,0.42859873
25543,0.4170559
25548,0.4170559
25564,0.42352584
25572,0.5701299
25576,0.30982882
25577,0.33024076
25587,0.30982882
25591,0.45856658
25596,0.47056216
25598,0.47056216
25617,0.35404223
25618,0.9274123
25620,0.45856658
25623,0.37152562
25626,0.42352584
25628,0.41398746
25633,0.5701299
25637,0.42553708
25644,0.42427158
25662,0.4023248
25663,0.6229195
25673,0.4127741
25678,0.4023248
25685,0.3951106
25691,0.42427158
25706,0.42859873
25707,0.45856658
25723,0.42553708
25725,0.35404223
25735,0.5701299
25740,0.42352584
25759,0.3928116
25761,0.47056216
25769,0.35404223
25774,0.4170559
25779,0.5701299
25781,0.4023248
25784,0.9274123
25790,0.9274123
25796,0.3928116
25816,0.42859873
25847,0.42418328
25850,0.4127741
25852,0.41759807
25856,0.37152562
25866,0.4187957
25867,0.5701299
25868,0.3928116
25869,0.5701299
25877,0.5701299
25878,0.42352584
25890,0.5701299
25898,0.9274123
25899,0.42859873
25906,0.9274123
25907,0.5701299
25915,0.9274123
25932,0.5701299
25939,0.42553708
25946,0.5701299
25951,0.5701299
25959,0.5701299
25961,0.3641915
25964,0.33024076
25969,0.39221284
25980,0.42859873
25986,0.42427158
25992,0.45856658
25998,0.4127741
26000,0.33024076
26006,0.41398746
26009,0.42427158
26016,0.5701299
26023,0.9274123
26038,0.5701299
26041,0.4127741
26050,0.45137483
26051,0.9274123
26057,0.4023248
26060,0.1971552
26062,0.45856658
26067,0.9274123
26068,0.45137483
26072,0.3928116
26074,0.4170559
26075,0.35404223
26081,0.5701299
26108,0.5701299
26112,0.9274123
26113,0.42418328
26115,0.6468045
26122,0.45137483
26139,0.29761067
26162,0.5701299
26165,0.42859873
26173,0.42553708
26177,0.5701299
26179,0.35404223
26184,0.3827602
26190,0.3928116
26204,0.3928116
26205,0.01127593
26212,0.47056216
26215,0.4187957
26227,0.47056216
26232,0.5701299
26237,0.5701299
26246,0.45137483
26248,0.5701299
26249,0.4187957
26260,0.5701299
26263,0.41398746
26267,0.9274123
26269,0.3928116
26271,0.5701299
26273,0.42352584
26286,0.5701299
26297,0.4127741
26309,0.4023248
26313,0.42352584
26319,0.4023248
26329,0.4170559
26330,0.5701299
26333,0.4187957
26361,0.9274123
26366,0.5701299
26376,0.9274123
26378,0.5701299
26382,0.3928116
26389,0.4187957
26391,0.42427158
26401,0.41398746
26415,0.41398746
26419,0.45137483
26421,0.9274123
26422,0.39221284
26423,0.5701299
26424,0.5701299
26441,0.45856658
26442,0.3951106
26446,0.42427158
26447,0.35404223
26448,0.4023248
26451,0.42553708
26459,0.42859873
26465,0.45137483
26476,0.39221284
26481,0.3928116
26487,0.9274123
26501,0.4170559
26513,0.5701299
26517,0.47056216
26527,0.5701299
26534,0.5701299
26535,0.9274123
26545,0.35404223
26550,0.42427158
26558,0.4170559
26571,0.5701299
26573,0.5701299
26575,0.42553708
26578,0.5701299
26583,0.5701299
26590,0.35404223
26593,0.47056216
26602,0.4127741
26606,0.41398746
26613,0.5701299
26615,0.4170559
26618,0.4187957
26628,0.9274123
26630,0.40019923
26635,0.42352584
26645,0.42553708
26648,0.41398746
26651,0.30982882
26660,0.42418328
26663,0.42859873
26664,0.41759807
26665,0.42418328
26673,0.40019923
26675,0.3641915
26676,0.4702599
26677,0.4023248
26679,0.6229195
26687,0.6229195
26689,0.6229195
26697,0.5101947
26737,0.5701299
26747,0.9274123
26748,0.4187957
26749,0.4170559
26754,0.9274123
26759,0.4023248
26760,0.5701299
26765,0.41398746
26769,0.41759807
26771,0.35404223
26776,0.3951106
26778,0.41759807
26780,0.4023248
26783,0.35404223
26785,0.42418328
26800,0.3928116
26804,0.4127741
26812,0.35404223
26816,0.30982882
26823,0.5701299
26834,0.5701299
26836,0.42418328
26841,0.4127741
26845,0.45856658
26849,0.3928116
26854,0.42418328
26858,0.3928116
26860,0.35404223
26866,0.4023248
26871,0.39221284
26873,0.33024076
26905,0.4127741
26907,0.41759807
26920,0.42418328
26924,0.1971552
26930,0.45856658
26942,0.39221284
26944,0.35404223
26949,0.5701299
26952,0.9274123
26956,0.42352584
26973,0.41759807
26977,0.39221284
26993,0.42418328
26997,0.4127741
26999,0.4187957
27021,0.3827602
27023,0.4187957
27025,0.01127593
27027,0.42553708
27032,0.5701299
27034,0.42418328
27036,0.4023248
27045,0.3641915
27050,0.4127741
27051,0.42352584
27055,0.4023248
27056,0.3951106
27060,0.39221284
27061,0.5701299
27066,0.5701299
27070,0.35404223
27073,0.35404223
27077,0.39221284
27085,0.3951106
27086,0.42553708
27099,0.5701299
27105,0.5701299
27109,0.3827602
27125,0.41398746
27135,0.33024076
27139,0.42859873
27140,0.9274123
27141,0.4187957
27142,0.35404223
27144,0.45137483
27148,0.3951106
27154,0.42553708
27162,0.5701299
27175,0.42352584
27176,0.42553708
27178,0.55417097
27197,0.37152562
27204,0.3827602
27205,0.35404223
27206,0.37152562
27207,0.3641915
27216,0.3641915
27230,0.4023248
27234,0.47056216
27241,0.3951106
27249,0.9274123
27251,0.4127741
27252,0.47056216
27256,0.6229195
27257,0.41398746
27263,0.42427158
27268,0.4023248
27269,0.3641915
27276,0.3641915
27279,0.6229195
27288,0.5701299
27295,0.4127741
27299,0.5701299
27302,0.35404223
27304,0.35404223
27316,0.47056216
27318,0.42352584
27330,0.3928116
27333,0.42352584
27335,0.3827602
27339,0.4187957
27341,0.5701299
27342,0.35404223
27345,0.45137483
27347,0.3928116
27354,0.42859873
27361,0.30982882
27375,0.5701299
27387,0.5701299
27390,0.5701299
27392,0.9274123
27399,0.47056216
27403,0.3928116
27410,0.6229195
27423,0.4170559
27429,0.4127741
27432,0.4702599
27436,0.4187957
27437,0.42427158
27441,0.40019923
27444,0.5550001
27445,0.39221284
27448,0.4702599
27454,0.4187957
27459,0.45137483
27465,0.37152562
27478,0.9274123
27479,0.42859873
27481,0.5701299
27483,0.42553708
27486,0.3928116
27498,0.3827602
27505,0.3641915
27507,0.3951106
27509,0.42352584
27514,0.3641915
27527,0.5701299
27535,0.47056216
27544,0.47056216
27545,0.42553708
27556,0.42427158
27563,0.4187957
27569,0.37152562
27585,0.39221284
27589,0.3641915
27605,0.35404223
27608,0.5701299
27609,0.35404223
27611,0.42859873
27621,0.30982882
27626,0.5701299
27629,0.37152562
27645,0.5701299
27651,0.3641915
27654,0.4023248
27656,0.5701299
27663,0.5701299
27673,0.41398746
27677,0.37152562
27678,0.35404223
27680,0.4023248
27681,0.5701299
27684,0.4187957
27688,0.4023248
27706,0.3951106
27709,0.3827602
27720,0.42859873
27722,0.4023248
27733,0.45856658
27734,0.35404223
27739,0.3827602
27746,0.5701299
27751,0.9274123
27755,0.4187957
27777,0.3928116
27783,0.35404223
27795,0.4023248
27805,0.4187957
27811,0.40019923
27815,0.4127741
27823,0.3951106
27856,0.3928116
27873,0.39221284
27883,0.3951106
27885,0.5701299
27887,0.5701299
27899,0.3641915
27921,0.3951106
27924,0.35404223
27927,0.35404223
27929,0.3928116
27932,0.35404223
27943,0.5701299
27945,0.5701299
27952,0.35404223
27957,0.41759807
27960,0.3951106
27966,0.3928116
27968,0.5701299
27980,0.5701299
27984,0.41398746
27994,0.39221284
27995,0.5701299
28002,0.5701299
28004,0.5701299
28006,0.47056216
28028,0.42418328
28042,0.5701299
28043,0.5701299
28055,0.4023248
28061,0.5701299
28063,0.4023248
28077,0.35404223
28090,0.5701299
28093,0.35404223
28095,0.30982882
28096,0.4170559
28098,0.9274123
28099,0.41759807
28111,0.35404223
28115,0.35404223
28123,0.35404223
28125,0.3951106
28126,0.5701299
28129,0.5701299
28131,0.35404223
28139,0.3827602
28146,0.45137483
28153,0.45137483
28155,0.35404223
28160,0.41759807
28166,0.39221284
28167,0.42427158
28176,0.4127741
28185,0.42352584
28187,0.5701299
28195,0.5701299
28203,0.4023248
28206,0.4187957
28209,0.40019923
28210,0.35404223
28211,0.3641915
28216,0.42553708
28234,0.4187957
28235,0.5701299
28248,0.35404223
28255,0.3928116
28266,0.4187957
28277,0.30982882
28286,0.3951106
28288,0.3827602
28289,0.42352584
28290,0.39221284
28296,0.3641915
28300,0.5701299
28306,0.41759807
28307,0.3641915
28309,0.3641915
28327,0.42352584
28336,0.3928116
28345,0.35404223
28355,0.42352584
28361,0.29761067
28362,0.3641915
28374,0.42352584
28380,0.45856658
28381,0.6229195
28393,0.45137483
28394,0.4023248
28405,0.39221284
28413,0.3641915
28426,0.5701299
28428,0.41398746
28429,0.5701299
28442,0.37152562
28445,0.42859873
28457,0.9274123
28459,0.4702599
28462,0.3951106
28478,0.41398746
28490,0.37152562
28492,0.4187957
28499,0.39221284
28500,0.6229195
28506,0.5701299
28509,0.35404223
28513,0.4023248
28516,0.42553708
28519,0.9274123
28526,0.42418328
28527,0.41398746
28528,0.42859873
28533,0.3827602
28547,0.3827602
28551,0.42859873
28563,0.42859873
28566,0.39221284
28568,0.4187957
28580,0.3928116
28589,0.39221284
28590,0.5701299
28606,0.42553708
28613,0.30982882
28615,0.4170559
28619,0.5701299
28629,0.42859873
28633,0.4023248
28635,0.5701299
28646,0.4170559
28648,0.4170559
28651,0.3827602
28660,0.5701299
28681,0.5701299
28693,0.4023248
28696,0.37152562
28703,0.42553708
28709,0.35404223
28712,0.5701299
28718,0.42859873
28719,0.4187957
28727,0.41759807
28730,0.42859873
28732,0.5701299
28740,0.35404223
28747,0.5701299
28752,0.5701299
28757,0.41398746
28764,0.37152562
28765,0.29761067
28770,0.5701299
28772,0.41398746
28783,0.3928116
28786,0.42427158
28796,0.30982882
28799,0.4127741
28806,0.40019923
28807,0.30982882
28815,0.39221284
28818,0.39221284
28823,0.3951106
28824,0.39221284
28831,0.9274123
28834,0.42859873
28841,0.42352584
28848,0.5701299
28882,0.35404223
28884,0.37152562
28904,0.45856658
28907,0.39342442
28919,0.42418328
28920,0.42352584
28928,0.4170559
28935,0.054824322
28936,0.2333362
28945,0.3641915
28950,0.65169823
28957,0.5701299
28963,0.4187957
28974,0.5701299
28980,0.4187957
28988,0.39221284
28999,0.4023248
29001,0.45856658
29004,0.2333362
29006,0.4187957
29012,0.3951106
29018,0.5701299
29027,0.35404223
29030,0.30982882
29032,0.41398746
29039,0.35404223
29043,0.5701299
29056,0.47056216
29064,0.5701299
29068,0.29761067
29069,0.29761067
29074,0.42352584
29076,0.3827602
29085,0.35404223
29088,0.5701299
29091,0.3641915
29092,0.39342442
29093,0.35404223
29094,0.3928116
29108,0.5701299
29114,0.47056216
29115,0.45856658
29118,0.45856658
29125,0.4187957
29127,0.5701299
29150,0.3928116
29152,0.41398746
29155,0.45856658
29165,0.47056216
29167,0.5701299
29174,0.5701299
29180,0.3641915
29185,0.39221284
29190,0.3928116
29192,0.9274123
29194,0.3641915
29220,0.3641915
29231,0.41759807
29237,0.45856658
29240,0.42352584
29247,0.4187957
29256,0.29761067
29275,0.42859873
29278,0.39221284
29280,0.4023248
29286,0.3641915
29288,0.42418328
29305,0.47056216
29327,0.5701299
29329,0.42859873
29333,0.3641915
29335,0.35404223
29342,0.9274123
29344,0.3951106
29353,0.39221284
29358,0.35404223
29373,0.3827602
29392,0.5701299
29393,0.42352584
29395,0.9274123
29403,0.4170559
29405,0.42418328
29410,0.3641915
29423,0.3641915
29427,0.6229195
29429,0.35404223
29432,0.3951106
29440,0.6229195
29447,0.4187957
29448,0.30982882
29452,0.41398746
29455,0.3928116
29461,0.42427158
29466,0.3641915
29474,0.3928116
29476,0.35404223
29486,0.42859873
29494,0.4187957
29497,0.4023248
29505,0.3928116
29511,0.5701299
29516,0.5701299
29522,0.4187957
29523,0.47056216
29524,0.41759807
29529,0.4127741
29533,0.3641915
29535,0.3951106
29548,0.4127741
29551,0.30982882
29563,0.30982882
29574,0.4702599
29575,0.29761067
29592,0.3827602
29599,0.4127741
29608,0.29761067
29613,0.6229195
29620,0.4023248
29630,0.5101947
29637,0.30982882
29638,0.5101947
29643,0.3928116
29648,0.30982882
29657,0.37152562
29659,0.35404223
29662,0.37152562
29665,0.4187957
29699,0.5701299
29706,0.39221284
29715,0.4170559
29716,0.4187957
29717,0.42418328
29721,0.42352584
29731,0.41398746
29735,0.41759807
29739,0.45137483
29742,0.42352584
29747,0.9307113
29749,0.5101947
29754,0.9307113
29773,0.47056216
29777,0.41398746
29779,0.35404223
29783,0.39221284
29786,0.42553708
29805,0.6229195
29811,0.3928116
29812,0.42553708
29815,0.45137483
29819,0.40019923
29833,0.4170559
29847,0.45856658
29854,0.5101947
29856,0.30982882
29859,0.3827602
29864,0.3951106
29865,0.3951106
29867,0.41759807
29885,0.3928116
29894,0.42553708
29900,0.3928116
29910,0.41398746
29928,0.3641915
29942,0.3641915
29951,0.5101947
29953,0.6229195
29962,0.42859873
29968,0.4187957
29974,0.39221284
29980,0.5101947
29987,0.37152562
29993,0.40019923
30001,0.42352584
30005,0.41398746
30015,0.3641915
30034,0.2333362
30041,0.41759807
30044,0.42352584
30058,0.35404223
30061,0.5701299
30064,0.5701299
30065,0.3827602
30069,0.3641915
30074,0.3827602
30076,0.4170559
30080,0.5701299
30086,0.33208892
30087,0.30596647
30092,0.38229218
30093,0.52288896
30096,0.2598679
30097,0.52288896
30098,0.34635368
30102,0.52288896
30106,0.3600616
30110,0.37162057
30111,0.90783197
30122,0.52887666
30128,0.3423334
30130,0.33924899
30131,0.3423334
30132,0.52288896
30135,0.27669334
30137,0.90783197
30157,0.52288896
30158,0.44076774
30162,0.45137483
30170,0.5701299
30174,0.41398746
30195,0.5701299
30196,0.42553708
30204,0.4187957
30207,0.9274123
30209,0.5701299
30212,0.37152562
30221,0.3928116
30225,0.5701299
30229,0.3928116
30231,0.45856658
30233,0.4023248
30237,0.6229195
30239,0.5701299
30242,0.6229195
30244,0.3641915
30249,0.3951106
30262,0.42352584
30286,0.3641915
30292,0.35404223
30303,0.30982882
30320,0.45137483
30322,0.41398746
30355,0.3928116
30356,0.4127741
30372,0.39221284
30375,0.4170559
30379,0.4187957
30384,0.45137483
30386,0.40019923
30394,0.42859873
30395,0.40019923
30396,0.35404223
30397,0.3928116
30402,0.42859873
30413,0.4127741
30416,0.3641915
30420,0.42352584
30422,0.4127741
30432,0.30982882
30434,0.37152562
30438,0.4023248
30444,0.41398746
30446,0.33024076
30455,0.42859873
30457,0.3928116
30459,0.3928116
30463,0.5701299
30468,0.42859873
30477,0.41398746
30478,0.39221284
30481,0.4187957
30482,0.45137483
30487,0.3928116
30491,0.4023248
30496,0.5701299
30501,0.45856658
30506,0.45856658
30511,0.30982882
30513,0.42553708
30516,0.39221284
30520,0.4127741
30531,0.3951106
30542,0.9274123
30555,0.4187957
30557,0.42553708
30568,0.42859873
30570,0.9274123
30584,0.3641915
30594,0.5701299
30614,0.3928116
30617,0.3951106
30618,0.40019923
30631,0.3951106
30632,0.4170559
30634,0.40019923
30636,0.39342442
30637,0.39342442
30639,0.39221284
30647,0.37152562
30649,0.39342442
30656,0.42352584
30660,0.39221284
30665,0.41759807
30669,0.37152562
30681,0.33024076
30683,0.47056216
30687,0.42418328
30694,0.33024076
